apontamento_id,ordem_producao_id,data_producao,linha_id,maquina_id,turno_id,quantidade_produzida,quantidade_aprovada,quantidade_refugada,minutos_operacao,minutos_parada
APT-000001,OP-000001,2025-01-13,L04,MAQ-021,T2,34,34,0,108.8,3.5
APT-000002,OP-000002,2025-01-20,L04,MAQ-021,T2,37,37,0,118.4,3.1
APT-000003,OP-000003,2025-01-27,L04,MAQ-021,T3,40,39,1,128.0,2.7
APT-000004,OP-000004,2025-02-03,L04,MAQ-021,T2,36,36,0,115.2,4.0
APT-000005,OP-000005,2025-01-13,L04,MAQ-021,T1,42,41,1,159.6,4.3
APT-000006,OP-000006,2025-01-20,L04,MAQ-021,T1,38,37,1,144.4,5.1
APT-000007,OP-000007,2025-01-27,L04,MAQ-021,T2,39,39,0,148.2,5.4
APT-000008,OP-000008,2025-02-03,L04,MAQ-021,T3,35,35,0,133.0,1.6
APT-000009,OP-000009,2025-01-13,L03,MAQ-012,T3,34,34,0,183.6,6.7
APT-000010,OP-000010,2025-01-20,L03,MAQ-012,T3,42,41,1,226.8,8.8
APT-000011,OP-000011,2025-01-27,L03,MAQ-012,T3,41,40,1,221.4,3.5
APT-000012,OP-000012,2025-02-03,L03,MAQ-012,T3,34,33,1,183.6,2.8
APT-000013,OP-000013,2025-01-13,L03,MAQ-012,T2,40,39,1,184.0,2.2
APT-000014,OP-000014,2025-01-20,L03,MAQ-012,T1,33,33,0,151.8,3.8
APT-000015,OP-000015,2025-01-27,L03,MAQ-012,T3,36,35,1,165.6,2.4
APT-000016,OP-000016,2025-02-03,L03,MAQ-012,T1,39,39,0,179.4,5.5
APT-000017,OP-000017,2025-01-13,L04,MAQ-021,T2,25,25,0,72.5,1.0
APT-000018,OP-000018,2025-01-20,L04,MAQ-021,T3,26,26,0,75.4,2.6
APT-000019,OP-000019,2025-01-27,L04,MAQ-021,T2,26,26,0,75.4,1.0
APT-000020,OP-000020,2025-02-03,L04,MAQ-021,T1,30,29,1,87.0,2.5
APT-000021,OP-000021,2025-02-13,L04,MAQ-021,T2,45,44,1,144.0,2.1
APT-000022,OP-000022,2025-02-20,L04,MAQ-021,T3,42,41,1,134.4,2.1
APT-000023,OP-000023,2025-02-27,L04,MAQ-021,T1,45,44,1,144.0,3.3
APT-000024,OP-000024,2025-03-06,L04,MAQ-021,T2,43,43,0,137.6,2.2
APT-000025,OP-000025,2025-02-13,L04,MAQ-021,T3,39,39,0,148.2,4.4
APT-000026,OP-000026,2025-02-20,L04,MAQ-021,T2,43,42,1,163.4,3.1
APT-000027,OP-000027,2025-02-27,L04,MAQ-021,T1,44,44,0,167.2,2.7
APT-000028,OP-000028,2025-03-06,L04,MAQ-021,T3,36,35,1,136.8,3.5
APT-000029,OP-000029,2025-02-13,L03,MAQ-012,T2,33,32,1,178.2,5.3
APT-000030,OP-000030,2025-02-20,L03,MAQ-012,T3,38,37,1,205.2,5.9
APT-000031,OP-000031,2025-02-27,L03,MAQ-012,T3,41,40,1,221.4,6.4
APT-000032,OP-000032,2025-03-06,L03,MAQ-012,T1,34,34,0,183.6,6.4
APT-000033,OP-000033,2025-02-13,L03,MAQ-012,T2,43,43,0,197.8,5.3
APT-000034,OP-000034,2025-02-20,L03,MAQ-012,T1,40,39,1,184.0,7.5
APT-000035,OP-000035,2025-02-27,L03,MAQ-012,T3,46,45,1,211.6,6.4
APT-000036,OP-000036,2025-03-06,L03,MAQ-012,T3,45,44,1,207.0,4.8
APT-000037,OP-000037,2025-02-13,L04,MAQ-021,T3,27,27,0,78.3,2.1
APT-000038,OP-000038,2025-02-20,L04,MAQ-021,T1,26,26,0,75.4,1.8
APT-000039,OP-000039,2025-02-27,L04,MAQ-021,T3,26,26,0,75.4,2.6
APT-000040,OP-000040,2025-03-06,L04,MAQ-021,T3,31,31,0,89.9,3.7
APT-000041,OP-000041,2025-03-13,L04,MAQ-021,T2,41,41,0,131.2,3.1
APT-000042,OP-000042,2025-03-20,L04,MAQ-021,T3,43,42,1,137.6,3.4
APT-000043,OP-000043,2025-03-27,L04,MAQ-021,T1,43,43,0,137.6,2.4
APT-000044,OP-000044,2025-04-03,L04,MAQ-021,T3,36,36,0,115.2,1.6
APT-000045,OP-000045,2025-03-13,L04,MAQ-021,T3,45,45,0,171.0,4.9
APT-000046,OP-000046,2025-03-20,L04,MAQ-021,T1,41,40,1,155.8,4.9
APT-000047,OP-000047,2025-03-27,L04,MAQ-021,T2,36,35,1,136.8,2.5
APT-000048,OP-000048,2025-04-03,L04,MAQ-021,T1,42,42,0,159.6,2.7
APT-000049,OP-000049,2025-03-13,L03,MAQ-012,T3,41,40,1,221.4,3.7
APT-000050,OP-000050,2025-03-20,L03,MAQ-012,T3,38,38,0,205.2,7.7
APT-000051,OP-000051,2025-03-27,L03,MAQ-012,T3,44,44,0,237.6,9.4
APT-000052,OP-000052,2025-04-03,L03,MAQ-012,T3,44,44,0,237.6,3.9
APT-000053,OP-000053,2025-03-13,L03,MAQ-012,T1,36,36,0,165.6,2.6
APT-000054,OP-000054,2025-03-20,L03,MAQ-012,T2,36,36,0,165.6,5.7
APT-000055,OP-000055,2025-03-27,L03,MAQ-012,T3,43,42,1,197.8,2.8
APT-000056,OP-000056,2025-04-03,L03,MAQ-012,T3,44,43,1,202.4,5.2
APT-000057,OP-000057,2025-03-13,L04,MAQ-021,T1,31,30,1,89.9,1.6
APT-000058,OP-000058,2025-03-20,L04,MAQ-021,T2,33,33,0,95.7,2.9
APT-000059,OP-000059,2025-03-27,L04,MAQ-021,T1,26,26,0,75.4,3.0
APT-000060,OP-000060,2025-04-03,L04,MAQ-021,T1,34,34,0,98.6,2.1
APT-000061,OP-000061,2025-04-13,L04,MAQ-021,T1,44,43,1,140.8,1.6
APT-000062,OP-000062,2025-04-20,L04,MAQ-021,T3,40,39,1,128.0,3.1
APT-000063,OP-000063,2025-04-27,L04,MAQ-021,T1,38,38,0,121.6,2.0
APT-000064,OP-000064,2025-05-04,L04,MAQ-021,T1,33,33,0,105.6,2.6
APT-000065,OP-000065,2025-04-13,L04,MAQ-021,T2,38,37,1,144.4,3.7
APT-000066,OP-000066,2025-04-20,L04,MAQ-021,T2,40,39,1,152.0,4.7
APT-000067,OP-000067,2025-04-27,L04,MAQ-021,T2,36,35,1,136.8,3.9
APT-000068,OP-000068,2025-05-04,L04,MAQ-021,T1,36,36,0,136.8,4.9
APT-000069,OP-000069,2025-04-13,L03,MAQ-012,T3,41,40,1,221.4,6.2
APT-000070,OP-000070,2025-04-20,L03,MAQ-012,T1,42,41,1,226.8,8.8
APT-000071,OP-000071,2025-04-27,L03,MAQ-012,T3,45,45,0,243.0,3.9
APT-000072,OP-000072,2025-05-04,L03,MAQ-012,T3,40,40,0,216.0,8.5
APT-000073,OP-000073,2025-04-13,L03,MAQ-012,T2,36,36,0,165.6,6.3
APT-000074,OP-000074,2025-04-20,L03,MAQ-012,T1,43,42,1,197.8,8.1
APT-000075,OP-000075,2025-04-27,L03,MAQ-012,T1,35,35,0,161.0,3.8
APT-000076,OP-000076,2025-05-04,L03,MAQ-012,T1,43,43,0,197.8,3.9
APT-000077,OP-000077,2025-04-13,L04,MAQ-021,T2,25,25,0,72.5,1.2
APT-000078,OP-000078,2025-04-20,L04,MAQ-021,T1,30,30,0,87.0,2.6
APT-000079,OP-000079,2025-04-27,L04,MAQ-021,T1,26,26,0,75.4,2.0
APT-000080,OP-000080,2025-05-04,L04,MAQ-021,T2,34,34,0,98.6,2.7
APT-000081,OP-000081,2025-05-13,L04,MAQ-021,T3,38,37,1,121.6,5.0
APT-000082,OP-000082,2025-05-20,L04,MAQ-021,T3,40,39,1,128.0,2.4
APT-000083,OP-000083,2025-05-27,L04,MAQ-021,T1,34,33,1,108.8,2.2
APT-000084,OP-000084,2025-06-03,L04,MAQ-021,T3,36,36,0,115.2,1.7
APT-000085,OP-000085,2025-05-13,L04,MAQ-021,T2,40,40,0,152.0,5.5
APT-000086,OP-000086,2025-05-20,L04,MAQ-021,T1,40,40,0,152.0,4.8
APT-000087,OP-000087,2025-05-27,L04,MAQ-021,T2,34,34,0,129.2,4.1
APT-000088,OP-000088,2025-06-03,L04,MAQ-021,T2,41,41,0,155.8,4.4
APT-000089,OP-000089,2025-05-13,L03,MAQ-012,T3,36,36,0,194.4,6.1
APT-000090,OP-000090,2025-05-20,L03,MAQ-012,T1,37,37,0,199.8,6.6
APT-000091,OP-000091,2025-05-27,L03,MAQ-012,T3,35,35,0,189.0,5.1
APT-000092,OP-000092,2025-06-03,L03,MAQ-012,T3,31,31,0,167.4,5.3
APT-000093,OP-000093,2025-05-13,L03,MAQ-012,T2,40,40,0,184.0,6.7
APT-000094,OP-000094,2025-05-20,L03,MAQ-012,T3,38,38,0,174.8,2.7
APT-000095,OP-000095,2025-05-27,L03,MAQ-012,T1,36,35,1,165.6,6.7
APT-000096,OP-000096,2025-06-03,L03,MAQ-012,T1,31,30,1,142.6,5.7
APT-000097,OP-000097,2025-05-13,L04,MAQ-021,T1,24,24,0,69.6,0.9
APT-000098,OP-000098,2025-05-20,L04,MAQ-021,T2,32,32,0,92.8,1.6
APT-000099,OP-000099,2025-05-27,L04,MAQ-021,T3,28,28,0,81.2,3.2
APT-000100,OP-000100,2025-06-03,L04,MAQ-021,T2,32,32,0,92.8,2.4
APT-000101,OP-000101,2025-06-13,L04,MAQ-021,T3,39,39,0,124.8,2.4
APT-000102,OP-000102,2025-06-20,L04,MAQ-021,T1,31,31,0,99.2,1.4
APT-000103,OP-000103,2025-06-27,L04,MAQ-021,T1,34,34,0,108.8,1.5
APT-000104,OP-000104,2025-07-04,L04,MAQ-021,T3,38,37,1,121.6,2.3
APT-000105,OP-000105,2025-06-13,L04,MAQ-021,T1,38,38,0,144.4,3.5
APT-000106,OP-000106,2025-06-20,L04,MAQ-021,T2,42,42,0,159.6,4.1
APT-000107,OP-000107,2025-06-27,L04,MAQ-021,T1,32,31,1,121.6,2.8
APT-000108,OP-000108,2025-07-04,L04,MAQ-021,T2,42,42,0,159.6,2.0
APT-000109,OP-000109,2025-06-13,L03,MAQ-012,T3,32,31,1,172.8,3.6
APT-000110,OP-000110,2025-06-20,L03,MAQ-012,T3,36,36,0,194.4,5.1
APT-000111,OP-000111,2025-06-27,L03,MAQ-012,T3,33,33,0,178.2,2.7
APT-000112,OP-000112,2025-07-04,L03,MAQ-012,T3,33,33,0,178.2,2.6
APT-000113,OP-000113,2025-06-13,L03,MAQ-012,T2,31,31,0,142.6,4.6
APT-000114,OP-000114,2025-06-20,L03,MAQ-012,T3,35,35,0,161.0,4.4
APT-000115,OP-000115,2025-06-27,L03,MAQ-012,T3,36,36,0,165.6,3.4
APT-000116,OP-000116,2025-07-04,L03,MAQ-012,T3,38,38,0,174.8,7.2
APT-000117,OP-000117,2025-06-13,L04,MAQ-021,T2,25,25,0,72.5,1.2
APT-000118,OP-000118,2025-06-20,L04,MAQ-021,T2,32,31,1,92.8,2.4
APT-000119,OP-000119,2025-06-27,L04,MAQ-021,T2,30,29,1,87.0,0.9
APT-000120,OP-000120,2025-07-04,L04,MAQ-021,T3,29,29,0,84.1,2.4
APT-000121,OP-000121,2025-07-13,L04,MAQ-021,T2,37,37,0,118.4,4.8
APT-000122,OP-000122,2025-07-20,L04,MAQ-021,T2,38,37,1,121.6,2.1
APT-000123,OP-000123,2025-07-27,L04,MAQ-021,T1,37,37,0,118.4,2.7
APT-000124,OP-000124,2025-08-03,L04,MAQ-021,T1,30,30,0,96.0,2.3
APT-000125,OP-000125,2025-07-13,L04,MAQ-021,T1,34,34,0,129.2,4.2
APT-000126,OP-000126,2025-07-20,L04,MAQ-021,T3,34,34,0,129.2,5.0
APT-000127,OP-000127,2025-07-27,L04,MAQ-021,T1,36,36,0,136.8,4.7
APT-000128,OP-000128,2025-08-03,L04,MAQ-021,T2,36,36,0,136.8,4.0
APT-000129,OP-000129,2025-07-13,L03,MAQ-012,T3,33,32,1,178.2,3.4
APT-000130,OP-000130,2025-07-20,L03,MAQ-012,T3,38,38,0,205.2,4.1
APT-000131,OP-000131,2025-07-27,L03,MAQ-012,T3,31,30,1,167.4,4.1
APT-000132,OP-000132,2025-08-03,L03,MAQ-012,T3,32,32,0,172.8,3.6
APT-000133,OP-000133,2025-07-13,L03,MAQ-012,T1,37,37,0,170.2,6.9
APT-000134,OP-000134,2025-07-20,L03,MAQ-012,T3,34,34,0,156.4,5.4
APT-000135,OP-000135,2025-07-27,L03,MAQ-012,T1,36,35,1,165.6,6.3
APT-000136,OP-000136,2025-08-03,L03,MAQ-012,T3,34,34,0,156.4,5.5
APT-000137,OP-000137,2025-07-13,L04,MAQ-021,T2,24,24,0,69.6,2.9
APT-000138,OP-000138,2025-07-20,L04,MAQ-021,T2,27,27,0,78.3,1.4
APT-000139,OP-000139,2025-07-27,L04,MAQ-021,T2,27,27,0,78.3,3.1
APT-000140,OP-000140,2025-08-03,L04,MAQ-021,T2,24,24,0,69.6,1.3
APT-000141,OP-000141,2025-08-13,L04,MAQ-021,T2,39,38,1,124.8,1.9
APT-000142,OP-000142,2025-08-20,L04,MAQ-021,T2,38,37,1,121.6,4.0
APT-000143,OP-000143,2025-08-27,L04,MAQ-021,T3,36,36,0,115.2,1.8
APT-000144,OP-000144,2025-09-03,L04,MAQ-021,T3,39,38,1,124.8,4.1
APT-000145,OP-000145,2025-08-13,L04,MAQ-021,T1,35,34,1,133.0,2.5
APT-000146,OP-000146,2025-08-20,L04,MAQ-021,T2,31,31,0,117.8,2.7
APT-000147,OP-000147,2025-08-27,L04,MAQ-021,T2,34,34,0,129.2,3.2
APT-000148,OP-000148,2025-09-03,L04,MAQ-021,T2,36,35,1,136.8,3.5
APT-000149,OP-000149,2025-08-13,L03,MAQ-012,T1,30,30,0,162.0,5.6
APT-000150,OP-000150,2025-08-20,L03,MAQ-012,T3,28,28,0,151.2,4.2
APT-000151,OP-000151,2025-08-27,L03,MAQ-012,T3,29,29,0,156.6,2.0
APT-000152,OP-000152,2025-09-03,L03,MAQ-012,T3,34,34,0,183.6,4.2
APT-000153,OP-000153,2025-08-13,L03,MAQ-012,T3,38,38,0,174.8,3.5
APT-000154,OP-000154,2025-08-20,L03,MAQ-012,T1,36,36,0,165.6,2.2
APT-000155,OP-000155,2025-08-27,L03,MAQ-012,T2,36,35,1,165.6,2.2
APT-000156,OP-000156,2025-09-03,L03,MAQ-012,T2,35,35,0,161.0,5.4
APT-000157,OP-000157,2025-08-13,L04,MAQ-021,T1,24,24,0,69.6,1.5
APT-000158,OP-000158,2025-08-20,L04,MAQ-021,T2,23,23,0,66.7,1.2
APT-000159,OP-000159,2025-08-27,L04,MAQ-021,T2,29,29,0,84.1,0.9
APT-000160,OP-000160,2025-09-03,L04,MAQ-021,T3,22,22,0,63.8,0.9
APT-000161,OP-000161,2025-09-13,L04,MAQ-021,T3,32,31,1,102.4,2.2
APT-000162,OP-000162,2025-09-20,L04,MAQ-021,T2,36,36,0,115.2,2.1
APT-000163,OP-000163,2025-09-27,L04,MAQ-021,T2,35,35,0,112.0,1.2
APT-000164,OP-000164,2025-10-04,L04,MAQ-021,T3,37,37,0,118.4,4.8
APT-000165,OP-000165,2025-09-13,L04,MAQ-021,T3,38,38,0,144.4,4.1
APT-000166,OP-000166,2025-09-20,L04,MAQ-021,T2,38,37,1,144.4,5.2
APT-000167,OP-000167,2025-09-27,L04,MAQ-021,T1,29,29,0,110.2,4.7
APT-000168,OP-000168,2025-10-04,L04,MAQ-021,T3,39,38,1,148.2,2.3
APT-000169,OP-000169,2025-09-13,L03,MAQ-012,T3,35,35,0,189.0,5.4
APT-000170,OP-000170,2025-09-20,L03,MAQ-012,T3,30,30,0,162.0,4.1
APT-000171,OP-000171,2025-09-27,L03,MAQ-012,T3,30,30,0,162.0,5.4
APT-000172,OP-000172,2025-10-04,L03,MAQ-012,T2,28,28,0,151.2,5.3
APT-000173,OP-000173,2025-09-13,L03,MAQ-012,T2,39,38,1,179.4,3.4
APT-000174,OP-000174,2025-09-20,L03,MAQ-012,T1,35,35,0,161.0,1.9
APT-000175,OP-000175,2025-09-27,L03,MAQ-012,T2,29,29,0,133.4,2.1
APT-000176,OP-000176,2025-10-04,L03,MAQ-012,T3,31,31,0,142.6,2.5
APT-000177,OP-000177,2025-09-13,L04,MAQ-021,T3,23,23,0,66.7,2.1
APT-000178,OP-000178,2025-09-20,L04,MAQ-021,T1,28,28,0,81.2,2.5
APT-000179,OP-000179,2025-09-27,L04,MAQ-021,T2,29,29,0,84.1,2.9
APT-000180,OP-000180,2025-10-04,L04,MAQ-021,T2,29,29,0,84.1,2.4
APT-000181,OP-000181,2025-10-13,L04,MAQ-021,T3,35,35,0,112.0,3.5
APT-000182,OP-000182,2025-10-20,L04,MAQ-021,T3,39,38,1,124.8,3.7
APT-000183,OP-000183,2025-10-27,L04,MAQ-021,T1,40,40,0,128.0,3.2
APT-000184,OP-000184,2025-11-03,L04,MAQ-021,T2,34,34,0,108.8,3.2
APT-000185,OP-000185,2025-10-13,L04,MAQ-021,T3,30,30,0,114.0,3.2
APT-000186,OP-000186,2025-10-20,L04,MAQ-021,T1,33,33,0,125.4,1.5
APT-000187,OP-000187,2025-10-27,L04,MAQ-021,T1,34,34,0,129.2,2.2
APT-000188,OP-000188,2025-11-03,L04,MAQ-021,T1,34,34,0,129.2,4.8
APT-000189,OP-000189,2025-10-13,L03,MAQ-012,T3,36,35,1,194.4,4.1
APT-000190,OP-000190,2025-10-20,L03,MAQ-012,T3,34,34,0,183.6,6.8
APT-000191,OP-000191,2025-10-27,L03,MAQ-012,T3,32,32,0,172.8,2.4
APT-000192,OP-000192,2025-11-03,L03,MAQ-012,T2,37,36,1,199.8,3.0
APT-000193,OP-000193,2025-10-13,L03,MAQ-012,T1,30,30,0,138.0,4.7
APT-000194,OP-000194,2025-10-20,L03,MAQ-012,T1,33,33,0,151.8,5.4
APT-000195,OP-000195,2025-10-27,L03,MAQ-012,T2,32,32,0,147.2,2.3
APT-000196,OP-000196,2025-11-03,L03,MAQ-012,T2,36,36,0,165.6,5.2
APT-000197,OP-000197,2025-10-13,L04,MAQ-021,T3,25,25,0,72.5,1.7
APT-000198,OP-000198,2025-10-20,L04,MAQ-021,T3,30,30,0,87.0,3.6
APT-000199,OP-000199,2025-10-27,L04,MAQ-021,T1,29,29,0,84.1,2.3
APT-000200,OP-000200,2025-11-03,L04,MAQ-021,T1,25,25,0,72.5,1.3
APT-000201,OP-000201,2025-11-13,L04,MAQ-021,T3,37,36,1,118.4,2.9
APT-000202,OP-000202,2025-11-20,L04,MAQ-021,T2,31,31,0,99.2,3.0
APT-000203,OP-000203,2025-11-27,L04,MAQ-021,T3,31,31,0,99.2,2.2
APT-000204,OP-000204,2025-12-04,L04,MAQ-021,T2,29,29,0,92.8,3.6
APT-000205,OP-000205,2025-11-13,L04,MAQ-021,T3,39,38,1,148.2,4.9
APT-000206,OP-000206,2025-11-20,L04,MAQ-021,T1,34,34,0,129.2,5.4
APT-000207,OP-000207,2025-11-27,L04,MAQ-021,T2,36,36,0,136.8,3.9
APT-000208,OP-000208,2025-12-04,L04,MAQ-021,T2,40,40,0,152.0,1.7
APT-000209,OP-000209,2025-11-13,L03,MAQ-012,T3,38,37,1,205.2,7.9
APT-000210,OP-000210,2025-11-20,L03,MAQ-012,T3,35,35,0,189.0,4.3
APT-000211,OP-000211,2025-11-27,L03,MAQ-012,T3,33,33,0,178.2,5.2
APT-000212,OP-000212,2025-12-04,L03,MAQ-012,T1,38,37,1,205.2,5.4
APT-000213,OP-000213,2025-11-13,L03,MAQ-012,T3,38,37,1,174.8,2.8
APT-000214,OP-000214,2025-11-20,L03,MAQ-012,T3,34,33,1,156.4,2.5
APT-000215,OP-000215,2025-11-27,L03,MAQ-012,T3,38,38,0,174.8,5.7
APT-000216,OP-000216,2025-12-04,L03,MAQ-012,T1,39,38,1,179.4,7.3
APT-000217,OP-000217,2025-11-13,L04,MAQ-021,T3,27,27,0,78.3,2.1
APT-000218,OP-000218,2025-11-20,L04,MAQ-021,T1,31,30,1,89.9,2.7
APT-000219,OP-000219,2025-11-27,L04,MAQ-021,T2,25,25,0,72.5,2.8
APT-000220,OP-000220,2025-12-04,L04,MAQ-021,T3,25,25,0,72.5,1.8
APT-000221,OP-000221,2025-12-13,L04,MAQ-021,T2,34,33,1,108.8,4.2
APT-000222,OP-000222,2025-12-20,L04,MAQ-021,T3,41,40,1,131.2,1.6
APT-000223,OP-000223,2025-12-27,L04,MAQ-021,T1,38,37,1,121.6,4.0
APT-000224,OP-000224,2026-01-03,L04,MAQ-021,T1,40,39,1,128.0,2.4
APT-000225,OP-000225,2025-12-13,L04,MAQ-021,T2,38,37,1,144.4,4.7
APT-000226,OP-000226,2025-12-20,L04,MAQ-021,T3,35,35,0,133.0,4.8
APT-000227,OP-000227,2025-12-27,L04,MAQ-021,T1,38,38,0,144.4,4.3
APT-000228,OP-000228,2026-01-03,L04,MAQ-021,T3,42,41,1,159.6,3.0
APT-000229,OP-000229,2025-12-13,L03,MAQ-012,T3,31,30,1,167.4,5.3
APT-000230,OP-000230,2025-12-20,L03,MAQ-012,T1,34,33,1,183.6,4.0
APT-000231,OP-000231,2025-12-27,L03,MAQ-012,T3,32,32,0,172.8,2.4
APT-000232,OP-000232,2026-01-03,L03,MAQ-012,T3,39,38,1,210.6,8.3
APT-000233,OP-000233,2025-12-13,L03,MAQ-012,T1,40,39,1,184.0,6.8
APT-000234,OP-000234,2025-12-20,L03,MAQ-012,T1,35,35,0,161.0,5.7
APT-000235,OP-000235,2025-12-27,L03,MAQ-012,T2,36,36,0,165.6,3.1
APT-000236,OP-000236,2026-01-03,L03,MAQ-012,T1,39,38,1,179.4,7.3
APT-000237,OP-000237,2025-12-13,L04,MAQ-021,T3,27,27,0,78.3,0.9
APT-000238,OP-000238,2025-12-20,L04,MAQ-021,T1,32,32,0,92.8,1.2
APT-000239,OP-000239,2025-12-27,L04,MAQ-021,T3,28,28,0,81.2,1.1
APT-000240,OP-000240,2026-01-03,L04,MAQ-021,T2,33,32,1,95.7,1.6
APT-000241,OP-000241,2026-01-13,L04,MAQ-021,T2,43,43,0,137.6,5.3
APT-000242,OP-000242,2026-01-20,L04,MAQ-021,T2,44,43,1,140.8,4.0
APT-000243,OP-000243,2026-01-27,L04,MAQ-021,T1,41,41,0,131.2,2.9
APT-000244,OP-000244,2026-02-03,L04,MAQ-021,T2,39,39,0,124.8,3.9
APT-000245,OP-000245,2026-01-13,L04,MAQ-021,T2,40,40,0,152.0,3.8
APT-000246,OP-000246,2026-01-20,L04,MAQ-021,T2,40,39,1,152.0,2.1
APT-000247,OP-000247,2026-01-27,L04,MAQ-021,T2,36,35,1,136.8,3.9
APT-000248,OP-000248,2026-02-03,L04,MAQ-021,T3,42,42,0,159.6,5.3
APT-000249,OP-000249,2026-01-13,L03,MAQ-012,T3,39,38,1,210.6,3.8
APT-000250,OP-000250,2026-01-20,L03,MAQ-012,T1,35,35,0,189.0,7.2
APT-000251,OP-000251,2026-01-27,L03,MAQ-012,T3,44,44,0,237.6,2.6
APT-000252,OP-000252,2026-02-03,L03,MAQ-012,T3,44,44,0,237.6,2.5
APT-000253,OP-000253,2026-01-13,L03,MAQ-012,T3,39,38,1,179.4,2.4
APT-000254,OP-000254,2026-01-20,L03,MAQ-012,T3,45,44,1,207.0,7.3
APT-000255,OP-000255,2026-01-27,L03,MAQ-012,T1,48,47,1,220.8,7.6
APT-000256,OP-000256,2026-02-03,L03,MAQ-012,T2,41,40,1,188.6,4.3
APT-000257,OP-000257,2026-01-13,L04,MAQ-021,T2,26,26,0,75.4,0.8
APT-000258,OP-000258,2026-01-20,L04,MAQ-021,T2,22,22,0,63.8,0.8
APT-000259,OP-000259,2026-01-27,L04,MAQ-021,T2,24,24,0,69.6,2.2
APT-000260,OP-000260,2026-02-03,L04,MAQ-021,T1,28,28,0,81.2,2.1
APT-000261,OP-000261,2026-02-13,L04,MAQ-021,T1,37,36,1,118.4,4.1
APT-000262,OP-000262,2026-02-20,L04,MAQ-021,T3,44,43,1,140.8,2.3
APT-000263,OP-000263,2026-02-27,L04,MAQ-021,T3,47,46,1,150.4,2.3
APT-000264,OP-000264,2026-03-06,L04,MAQ-021,T2,44,44,0,140.8,3.0
APT-000265,OP-000265,2026-02-13,L04,MAQ-021,T3,40,40,0,152.0,2.5
APT-000266,OP-000266,2026-02-20,L04,MAQ-021,T2,43,42,1,163.4,3.3
APT-000267,OP-000267,2026-02-27,L04,MAQ-021,T2,38,37,1,144.4,3.2
APT-000268,OP-000268,2026-03-06,L04,MAQ-021,T3,44,44,0,167.2,1.8
APT-000269,OP-000269,2026-02-13,L03,MAQ-012,T3,45,44,1,243.0,6.2
APT-000270,OP-000270,2026-02-20,L03,MAQ-012,T3,48,47,1,259.2,2.9
APT-000271,OP-000271,2026-02-27,L03,MAQ-012,T3,46,45,1,248.4,8.4
APT-000272,OP-000272,2026-03-06,L03,MAQ-012,T3,45,44,1,243.0,8.6
APT-000273,OP-000273,2026-02-13,L03,MAQ-012,T1,40,39,1,184.0,1.9
APT-000274,OP-000274,2026-02-20,L03,MAQ-012,T1,41,40,1,188.6,5.2
APT-000275,OP-000275,2026-02-27,L03,MAQ-012,T2,41,40,1,188.6,7.9
APT-000276,OP-000276,2026-03-06,L03,MAQ-012,T2,35,34,1,161.0,6.1
APT-000277,OP-000277,2026-02-13,L04,MAQ-021,T2,29,29,0,84.1,1.4
APT-000278,OP-000278,2026-02-20,L04,MAQ-021,T1,27,27,0,78.3,1.6
APT-000279,OP-000279,2026-02-27,L04,MAQ-021,T3,29,29,0,84.1,3.0
APT-000280,OP-000280,2026-03-06,L04,MAQ-021,T2,29,29,0,84.1,3.2
APT-000281,OP-000281,2026-03-13,L04,MAQ-021,T2,47,46,1,150.4,4.2
APT-000282,OP-000282,2026-03-20,L04,MAQ-021,T1,40,39,1,128.0,3.9
APT-000283,OP-000283,2026-03-27,L04,MAQ-021,T2,42,42,0,134.4,3.1
APT-000284,OP-000284,2026-04-03,L04,MAQ-021,T2,37,36,1,118.4,2.7
APT-000285,OP-000285,2026-03-13,L04,MAQ-021,T2,43,43,0,163.4,6.0
APT-000286,OP-000286,2026-03-20,L04,MAQ-021,T3,45,44,1,171.0,2.1
APT-000287,OP-000287,2026-03-27,L04,MAQ-021,T3,43,42,1,163.4,6.7
APT-000288,OP-000288,2026-04-03,L04,MAQ-021,T1,35,34,1,133.0,4.9
APT-000289,OP-000289,2026-03-13,L03,MAQ-012,T3,40,40,0,216.0,2.2
APT-000290,OP-000290,2026-03-20,L03,MAQ-012,T3,43,42,1,232.2,8.4
APT-000291,OP-000291,2026-03-27,L03,MAQ-012,T3,37,37,0,199.8,7.8
APT-000292,OP-000292,2026-04-03,L03,MAQ-012,T3,41,41,0,221.4,9.2
APT-000293,OP-000293,2026-03-13,L03,MAQ-012,T1,42,41,1,193.2,7.4
APT-000294,OP-000294,2026-03-20,L03,MAQ-012,T2,44,44,0,202.4,2.4
APT-000295,OP-000295,2026-03-27,L03,MAQ-012,T3,47,46,1,216.2,6.0
APT-000296,OP-000296,2026-04-03,L03,MAQ-012,T3,41,40,1,188.6,3.7
APT-000297,OP-000297,2026-03-13,L04,MAQ-021,T2,34,33,1,98.6,4.0
APT-000298,OP-000298,2026-03-20,L04,MAQ-021,T1,30,30,0,87.0,1.4
APT-000299,OP-000299,2026-03-27,L04,MAQ-021,T2,36,35,1,104.4,1.5
APT-000300,OP-000300,2026-04-03,L04,MAQ-021,T1,30,30,0,87.0,1.7
APT-000301,OP-000301,2026-04-13,L04,MAQ-021,T1,41,40,1,131.2,4.0
APT-000302,OP-000302,2026-04-20,L04,MAQ-021,T1,36,35,1,115.2,3.4
APT-000303,OP-000303,2026-04-27,L04,MAQ-021,T1,37,37,0,118.4,4.3
APT-000304,OP-000304,2026-05-04,L04,MAQ-021,T2,40,39,1,128.0,2.4
APT-000305,OP-000305,2026-04-13,L04,MAQ-021,T1,42,41,1,159.6,1.8
APT-000306,OP-000306,2026-04-20,L04,MAQ-021,T3,46,45,1,174.8,2.1
APT-000307,OP-000307,2026-04-27,L04,MAQ-021,T2,41,40,1,155.8,3.6
APT-000308,OP-000308,2026-05-04,L04,MAQ-021,T3,40,39,1,152.0,3.7
APT-000309,OP-000309,2026-04-13,L03,MAQ-012,T3,38,38,0,205.2,5.3
APT-000310,OP-000310,2026-04-20,L03,MAQ-012,T2,41,40,1,221.4,5.6
APT-000311,OP-000311,2026-04-27,L03,MAQ-012,T3,37,36,1,199.8,3.2
APT-000312,OP-000312,2026-05-04,L03,MAQ-012,T2,38,38,0,205.2,5.3
APT-000313,OP-000313,2026-04-13,L03,MAQ-012,T3,40,39,1,184.0,2.5
APT-000314,OP-000314,2026-04-20,L03,MAQ-012,T3,42,41,1,193.2,6.7
APT-000315,OP-000315,2026-04-27,L03,MAQ-012,T3,45,44,1,207.0,5.7
APT-000316,OP-000316,2026-05-04,L03,MAQ-012,T3,43,42,1,197.8,3.5
APT-000317,OP-000317,2026-04-13,L04,MAQ-021,T3,30,30,0,87.0,3.0
APT-000318,OP-000318,2026-04-20,L04,MAQ-021,T2,33,33,0,95.7,3.4
APT-000319,OP-000319,2026-04-27,L04,MAQ-021,T2,31,31,0,89.9,1.8
APT-000320,OP-000320,2026-05-04,L04,MAQ-021,T3,33,33,0,95.7,2.7
APT-000321,OP-000321,2026-05-13,L04,MAQ-021,T1,35,35,0,112.0,4.5
APT-000322,OP-000322,2026-05-20,L04,MAQ-021,T1,40,39,1,128.0,1.9
APT-000323,OP-000323,2026-05-27,L04,MAQ-021,T1,39,39,0,124.8,5.1
APT-000324,OP-000324,2026-06-03,L04,MAQ-021,T2,35,35,0,112.0,3.8
APT-000325,OP-000325,2026-05-13,L04,MAQ-021,T3,39,38,1,148.2,3.1
APT-000326,OP-000326,2026-05-20,L04,MAQ-021,T2,41,41,0,155.8,2.8
APT-000327,OP-000327,2026-05-27,L04,MAQ-021,T3,34,33,1,129.2,4.0
APT-000328,OP-000328,2026-06-03,L04,MAQ-021,T2,44,43,1,167.2,1.9
APT-000329,OP-000329,2026-05-13,L03,MAQ-012,T1,35,35,0,189.0,6.0
APT-000330,OP-000330,2026-05-20,L03,MAQ-012,T2,37,36,1,199.8,5.0
APT-000331,OP-000331,2026-05-27,L03,MAQ-012,T1,39,39,0,210.6,4.1
APT-000332,OP-000332,2026-06-03,L03,MAQ-012,T2,44,44,0,237.6,9.0
APT-000333,OP-000333,2026-05-13,L03,MAQ-012,T2,43,42,1,197.8,3.6
APT-000334,OP-000334,2026-05-20,L03,MAQ-012,T3,41,41,0,188.6,7.4
APT-000335,OP-000335,2026-05-27,L03,MAQ-012,T3,36,35,1,165.6,2.4
APT-000336,OP-000336,2026-06-03,L03,MAQ-012,T2,36,35,1,165.6,3.2
APT-000337,OP-000337,2026-05-13,L04,MAQ-021,T3,34,34,0,98.6,3.9
APT-000338,OP-000338,2026-05-20,L04,MAQ-021,T1,30,30,0,87.0,1.1
APT-000339,OP-000339,2026-05-27,L04,MAQ-021,T2,34,33,1,98.6,1.2
APT-000340,OP-000340,2026-06-03,L04,MAQ-021,T1,33,32,1,95.7,3.1
APT-000341,OP-000341,2026-06-13,L04,MAQ-021,T1,34,34,0,108.8,1.6
APT-000342,OP-000342,2026-06-20,L04,MAQ-021,T1,34,34,0,108.8,3.2
APT-000343,OP-000343,2026-06-27,L04,MAQ-021,T1,35,35,0,112.0,4.7
APT-000344,OP-000344,2026-07-04,L04,MAQ-021,T1,41,40,1,131.2,2.6
APT-000345,OP-000345,2026-06-13,L04,MAQ-021,T1,45,44,1,171.0,1.8
APT-000346,OP-000346,2026-06-20,L04,MAQ-021,T3,42,41,1,159.6,1.9
APT-000347,OP-000347,2026-06-27,L04,MAQ-021,T3,43,43,0,163.4,3.4
APT-000348,OP-000348,2026-07-04,L04,MAQ-021,T2,40,40,0,152.0,5.7
APT-000349,OP-000349,2026-06-13,L03,MAQ-012,T3,44,43,1,237.6,7.4
APT-000350,OP-000350,2026-06-20,L03,MAQ-012,T2,45,44,1,243.0,4.7
APT-000351,OP-000351,2026-06-27,L03,MAQ-012,T3,43,42,1,232.2,2.6
APT-000352,OP-000352,2026-07-04,L03,MAQ-012,T3,40,40,0,216.0,7.7
APT-000353,OP-000353,2026-06-13,L03,MAQ-012,T2,33,33,0,151.8,4.8
APT-000354,OP-000354,2026-06-20,L03,MAQ-012,T2,38,38,0,174.8,4.2
APT-000355,OP-000355,2026-06-27,L03,MAQ-012,T1,38,37,1,174.8,6.9
APT-000356,OP-000356,2026-07-04,L03,MAQ-012,T1,34,34,0,156.4,2.5
APT-000357,OP-000357,2026-06-13,L04,MAQ-021,T3,35,34,1,101.5,1.7
APT-000358,OP-000358,2026-06-20,L04,MAQ-021,T3,27,27,0,78.3,1.6
APT-000359,OP-000359,2026-06-27,L04,MAQ-021,T2,29,29,0,84.1,2.3
APT-000360,OP-000360,2026-07-04,L04,MAQ-021,T3,29,29,0,84.1,2.8
APT-000361,OP-000361,2026-07-13,L04,MAQ-021,T2,37,37,0,118.4,4.5
APT-000362,OP-000362,2026-07-20,L04,MAQ-021,T2,39,39,0,124.8,3.2
APT-000363,OP-000363,2026-07-27,L04,MAQ-021,T1,46,45,1,147.2,4.0
APT-000364,OP-000364,2026-08-03,L04,MAQ-021,T1,38,37,1,121.6,3.0
APT-000365,OP-000365,2026-07-13,L04,MAQ-021,T3,44,43,1,167.2,3.7
APT-000366,OP-000366,2026-07-20,L04,MAQ-021,T2,39,38,1,148.2,3.4
APT-000367,OP-000367,2026-07-27,L04,MAQ-021,T1,43,43,0,163.4,2.1
APT-000368,OP-000368,2026-08-03,L04,MAQ-021,T2,43,42,1,163.4,5.5
APT-000369,OP-000369,2026-07-13,L03,MAQ-012,T2,43,42,1,232.2,16.7
APT-000370,OP-000370,2026-07-20,L03,MAQ-012,T3,48,46,2,259.2,17.5
APT-000371,OP-000371,2026-07-27,L03,MAQ-012,T3,50,49,1,270.0,24.9
APT-000372,OP-000372,2026-08-03,L03,MAQ-012,T3,45,44,1,243.0,22.1
APT-000373,OP-000373,2026-07-13,L03,MAQ-012,T3,45,44,1,207.0,12.9
APT-000374,OP-000374,2026-07-20,L03,MAQ-012,T3,44,43,1,202.4,18.3
APT-000375,OP-000375,2026-07-27,L03,MAQ-012,T1,41,40,1,188.6,12.8
APT-000376,OP-000376,2026-08-03,L03,MAQ-012,T1,46,45,1,211.6,19.6
APT-000377,OP-000377,2026-07-13,L04,MAQ-021,T3,24,24,0,69.6,2.9
APT-000378,OP-000378,2026-07-20,L04,MAQ-021,T3,30,30,0,87.0,3.4
APT-000379,OP-000379,2026-07-27,L04,MAQ-021,T3,27,27,0,78.3,1.6
APT-000380,OP-000380,2026-08-03,L04,MAQ-021,T3,25,25,0,72.5,2.0
APT-000381,OP-000381,2026-08-13,L04,MAQ-021,T2,45,45,0,144.0,5.0
APT-000382,OP-000382,2026-08-20,L04,MAQ-021,T3,44,42,2,140.8,4.9
APT-000383,OP-000383,2026-08-27,L04,MAQ-021,T2,36,34,2,115.2,2.3
APT-000384,OP-000384,2026-09-03,L04,MAQ-021,T3,44,42,2,140.8,2.3
APT-000385,OP-000385,2026-08-13,L04,MAQ-021,T1,42,41,1,159.6,4.0
APT-000386,OP-000386,2026-08-20,L04,MAQ-021,T2,42,42,0,159.6,5.6
APT-000387,OP-000387,2026-08-27,L04,MAQ-021,T2,39,37,2,148.2,5.1
APT-000388,OP-000388,2026-09-03,L04,MAQ-021,T3,42,40,2,159.6,3.5
APT-000389,OP-000389,2026-08-13,L03,MAQ-012,T2,42,39,3,226.8,17.1
APT-000390,OP-000390,2026-08-20,L03,MAQ-012,T2,49,48,1,264.6,20.6
APT-000391,OP-000391,2026-08-27,L03,MAQ-012,T3,43,42,1,232.2,20.9
APT-000392,OP-000392,2026-09-03,L03,MAQ-012,T3,39,38,1,210.6,20.0
APT-000393,OP-000393,2026-08-13,L03,MAQ-012,T1,47,46,1,216.2,15.4
APT-000394,OP-000394,2026-08-20,L03,MAQ-012,T2,43,40,3,197.8,14.3
APT-000395,OP-000395,2026-08-27,L03,MAQ-012,T3,43,42,1,197.8,15.8
APT-000396,OP-000396,2026-09-03,L03,MAQ-012,T1,47,44,3,216.2,15.5
APT-000397,OP-000397,2026-08-13,L04,MAQ-021,T3,32,32,0,92.8,2.1
APT-000398,OP-000398,2026-08-20,L04,MAQ-021,T1,29,28,1,84.1,2.5
APT-000399,OP-000399,2026-08-27,L04,MAQ-021,T1,22,22,0,63.8,1.3
APT-000400,OP-000400,2026-09-03,L04,MAQ-021,T3,23,22,1,66.7,0.8
APT-000401,OP-000401,2026-09-13,L04,MAQ-021,T2,43,42,1,137.6,4.4
APT-000402,OP-000402,2026-09-20,L04,MAQ-021,T2,45,44,1,144.0,4.4
APT-000403,OP-000403,2026-09-27,L04,MAQ-021,T1,38,38,0,121.6,3.0
APT-000404,OP-000404,2026-10-04,L04,MAQ-021,T2,38,38,0,121.6,4.0
APT-000405,OP-000405,2026-09-13,L04,MAQ-021,T2,39,39,0,148.2,3.7
APT-000406,OP-000406,2026-09-20,L04,MAQ-021,T2,46,46,0,174.8,3.7
APT-000407,OP-000407,2026-09-27,L04,MAQ-021,T3,45,44,1,171.0,2.9
APT-000408,OP-000408,2026-10-04,L04,MAQ-021,T3,38,38,0,144.4,3.7
APT-000409,OP-000409,2026-09-13,L03,MAQ-012,T3,40,39,1,216.0,17.8
APT-000410,OP-000410,2026-09-20,L03,MAQ-012,T3,49,47,2,264.6,16.2
APT-000411,OP-000411,2026-09-27,L03,MAQ-012,T3,43,42,1,232.2,15.5
APT-000412,OP-000412,2026-10-04,L03,MAQ-012,T3,43,42,1,232.2,20.1
APT-000413,OP-000413,2026-09-13,L03,MAQ-012,T1,47,46,1,216.2,15.9
APT-000414,OP-000414,2026-09-20,L03,MAQ-012,T1,41,40,1,188.6,14.7
APT-000415,OP-000415,2026-09-27,L03,MAQ-012,T2,38,37,1,174.8,12.0
APT-000416,OP-000416,2026-10-04,L03,MAQ-012,T1,41,40,1,188.6,14.3
APT-000417,OP-000417,2026-09-13,L04,MAQ-021,T2,25,25,0,72.5,2.2
APT-000418,OP-000418,2026-09-20,L04,MAQ-021,T2,24,24,0,69.6,1.8
APT-000419,OP-000419,2026-09-27,L04,MAQ-021,T3,26,26,0,75.4,1.1
APT-000420,OP-000420,2026-10-04,L04,MAQ-021,T1,22,22,0,63.8,1.9
APT-000421,OP-000421,2026-10-13,L04,MAQ-021,T2,39,37,2,124.8,2.0
APT-000422,OP-000422,2026-10-20,L04,MAQ-021,T2,41,40,1,131.2,5.6
APT-000423,OP-000423,2026-10-27,L04,MAQ-021,T2,36,34,2,115.2,3.5
APT-000424,OP-000424,2026-11-03,L04,MAQ-021,T1,37,35,2,118.4,1.8
APT-000425,OP-000425,2026-10-13,L04,MAQ-021,T3,41,39,2,155.8,4.7
APT-000426,OP-000426,2026-10-20,L04,MAQ-021,T1,38,36,2,144.4,2.6
APT-000427,OP-000427,2026-10-27,L04,MAQ-021,T3,37,35,2,140.6,4.2
APT-000428,OP-000428,2026-11-03,L04,MAQ-021,T3,38,38,0,144.4,3.4
APT-000429,OP-000429,2026-10-13,L03,MAQ-012,T3,38,37,1,205.2,16.3
APT-000430,OP-000430,2026-10-20,L03,MAQ-012,T3,33,31,2,178.2,16.0
APT-000431,OP-000431,2026-10-27,L03,MAQ-012,T3,42,39,3,226.8,14.9
APT-000432,OP-000432,2026-11-03,L03,MAQ-012,T3,32,30,2,172.8,16.3
APT-000433,OP-000433,2026-10-13,L03,MAQ-012,T2,37,34,3,170.2,14.1
APT-000434,OP-000434,2026-10-20,L03,MAQ-012,T2,34,33,1,156.4,12.6
APT-000435,OP-000435,2026-10-27,L03,MAQ-012,T1,38,36,2,174.8,15.7
APT-000436,OP-000436,2026-11-03,L03,MAQ-012,T2,33,31,2,151.8,9.4
APT-000437,OP-000437,2026-10-13,L04,MAQ-021,T3,22,22,0,63.8,1.8
APT-000438,OP-000438,2026-10-20,L04,MAQ-021,T3,28,27,1,81.2,2.3
APT-000439,OP-000439,2026-10-27,L04,MAQ-021,T3,24,24,0,69.6,0.8
APT-000440,OP-000440,2026-11-03,L04,MAQ-021,T1,25,24,1,72.5,1.2
APT-000441,OP-000441,2026-11-13,L04,MAQ-021,T3,36,34,2,115.2,3.6
APT-000442,OP-000442,2026-11-20,L04,MAQ-021,T3,41,40,1,131.2,2.8
APT-000443,OP-000443,2026-11-27,L04,MAQ-021,T1,39,38,1,124.8,4.5
APT-000444,OP-000444,2026-12-04,L04,MAQ-021,T2,34,32,2,108.8,4.4
APT-000445,OP-000445,2026-11-13,L04,MAQ-021,T1,40,38,2,152.0,2.7
APT-000446,OP-000446,2026-11-20,L04,MAQ-021,T3,39,37,2,148.2,5.9
APT-000447,OP-000447,2026-11-27,L04,MAQ-021,T2,37,35,2,140.6,4.7
APT-000448,OP-000448,2026-12-04,L04,MAQ-021,T3,36,35,1,136.8,2.1
APT-000449,OP-000449,2026-11-13,L03,MAQ-012,T2,37,35,2,199.8,15.2
APT-000450,OP-000450,2026-11-20,L03,MAQ-012,T2,33,31,2,178.2,15.4
APT-000451,OP-000451,2026-11-27,L03,MAQ-012,T1,38,38,0,205.2,16.7
APT-000452,OP-000452,2026-12-04,L03,MAQ-012,T1,32,32,0,172.8,15.4
APT-000453,OP-000453,2026-11-13,L03,MAQ-012,T3,35,33,2,161.0,15.3
APT-000454,OP-000454,2026-11-20,L03,MAQ-012,T3,43,42,1,197.8,19.0
APT-000455,OP-000455,2026-11-27,L03,MAQ-012,T2,43,42,1,197.8,17.5
APT-000456,OP-000456,2026-12-04,L03,MAQ-012,T1,35,33,2,161.0,12.3
APT-000457,OP-000457,2026-11-13,L04,MAQ-021,T2,30,29,1,87.0,1.3
APT-000458,OP-000458,2026-11-20,L04,MAQ-021,T1,22,22,0,63.8,2.5
APT-000459,OP-000459,2026-11-27,L04,MAQ-021,T2,27,26,1,78.3,2.3
APT-000460,OP-000460,2026-12-04,L04,MAQ-021,T2,24,23,1,69.6,0.8
APT-000461,OP-000461,2026-12-13,L04,MAQ-021,T1,43,43,0,137.6,4.5
APT-000462,OP-000462,2026-12-20,L04,MAQ-021,T1,43,42,1,137.6,5.0
APT-000463,OP-000463,2026-12-27,L04,MAQ-021,T1,40,39,1,128.0,5.3
APT-000464,OP-000464,2027-01-03,L04,MAQ-021,T1,47,46,1,150.4,2.9
APT-000465,OP-000465,2026-12-13,L04,MAQ-021,T3,45,44,1,171.0,6.5
APT-000466,OP-000466,2026-12-20,L04,MAQ-021,T3,40,39,1,152.0,2.9
APT-000467,OP-000467,2026-12-27,L04,MAQ-021,T3,47,46,1,178.6,5.3
APT-000468,OP-000468,2027-01-03,L04,MAQ-021,T1,45,44,1,171.0,2.5
APT-000469,OP-000469,2026-12-13,L03,MAQ-012,T3,37,36,1,199.8,13.7
APT-000470,OP-000470,2026-12-20,L03,MAQ-012,T3,40,39,1,216.0,14.3
APT-000471,OP-000471,2026-12-27,L03,MAQ-012,T3,34,33,1,183.6,16.8
APT-000472,OP-000472,2027-01-03,L03,MAQ-012,T3,38,37,1,205.2,15.8
APT-000473,OP-000473,2026-12-13,L03,MAQ-012,T3,37,36,1,170.2,15.0
APT-000474,OP-000474,2026-12-20,L03,MAQ-012,T1,34,34,0,156.4,11.3
APT-000475,OP-000475,2026-12-27,L03,MAQ-012,T2,35,35,0,161.0,12.1
APT-000476,OP-000476,2027-01-03,L03,MAQ-012,T3,39,39,0,179.4,14.3
APT-000477,OP-000477,2026-12-13,L04,MAQ-021,T1,29,29,0,84.1,3.1
APT-000478,OP-000478,2026-12-20,L04,MAQ-021,T3,28,28,0,81.2,2.4
APT-000479,OP-000479,2026-12-27,L04,MAQ-021,T1,27,27,0,78.3,3.2
APT-000480,OP-000480,2027-01-03,L04,MAQ-021,T1,32,32,0,92.8,1.4
