ordem_producao_id,componente_id,lote_material_id,quantidade_consumida
OP-000001,CMP-047,LOT-0002,34
OP-000002,CMP-047,LOT-0001,37
OP-000003,CMP-047,LOT-0001,40
OP-000004,CMP-047,LOT-0002,36
OP-000005,CMP-047,LOT-0001,42
OP-000006,CMP-047,LOT-0002,38
OP-000007,CMP-047,LOT-0001,39
OP-000008,CMP-047,LOT-0001,35
OP-000009,CMP-047,LOT-0001,34
OP-000010,CMP-047,LOT-0002,42
OP-000011,CMP-047,LOT-0001,41
OP-000012,CMP-047,LOT-0002,34
OP-000013,CMP-047,LOT-0002,40
OP-000014,CMP-047,LOT-0002,33
OP-000015,CMP-047,LOT-0002,36
OP-000016,CMP-047,LOT-0002,39
OP-000017,CMP-047,LOT-0002,25
OP-000018,CMP-047,LOT-0001,26
OP-000019,CMP-047,LOT-0002,26
OP-000020,CMP-047,LOT-0002,30
OP-000021,CMP-047,LOT-0003,45
OP-000022,CMP-047,LOT-0004,42
OP-000023,CMP-047,LOT-0004,45
OP-000024,CMP-047,LOT-0003,43
OP-000025,CMP-047,LOT-0003,39
OP-000026,CMP-047,LOT-0003,43
OP-000027,CMP-047,LOT-0004,44
OP-000028,CMP-047,LOT-0003,36
OP-000029,CMP-047,LOT-0004,33
OP-000030,CMP-047,LOT-0003,38
OP-000031,CMP-047,LOT-0003,41
OP-000032,CMP-047,LOT-0003,34
OP-000033,CMP-047,LOT-0003,43
OP-000034,CMP-047,LOT-0003,40
OP-000035,CMP-047,LOT-0003,46
OP-000036,CMP-047,LOT-0004,45
OP-000037,CMP-047,LOT-0004,27
OP-000038,CMP-047,LOT-0004,26
OP-000039,CMP-047,LOT-0004,26
OP-000040,CMP-047,LOT-0004,31
OP-000041,CMP-047,LOT-0006,41
OP-000042,CMP-047,LOT-0005,43
OP-000043,CMP-047,LOT-0005,43
OP-000044,CMP-047,LOT-0006,36
OP-000045,CMP-047,LOT-0006,45
OP-000046,CMP-047,LOT-0005,41
OP-000047,CMP-047,LOT-0005,36
OP-000048,CMP-047,LOT-0006,42
OP-000049,CMP-047,LOT-0005,41
OP-000050,CMP-047,LOT-0006,38
OP-000051,CMP-047,LOT-0006,44
OP-000052,CMP-047,LOT-0006,44
OP-000053,CMP-047,LOT-0006,36
OP-000054,CMP-047,LOT-0006,36
OP-000055,CMP-047,LOT-0005,43
OP-000056,CMP-047,LOT-0006,44
OP-000057,CMP-047,LOT-0005,31
OP-000058,CMP-047,LOT-0006,33
OP-000059,CMP-047,LOT-0006,26
OP-000060,CMP-047,LOT-0005,34
OP-000061,CMP-047,LOT-0008,44
OP-000062,CMP-047,LOT-0007,40
OP-000063,CMP-047,LOT-0007,38
OP-000064,CMP-047,LOT-0007,33
OP-000065,CMP-047,LOT-0008,38
OP-000066,CMP-047,LOT-0007,40
OP-000067,CMP-047,LOT-0007,36
OP-000068,CMP-047,LOT-0008,36
OP-000069,CMP-047,LOT-0007,41
OP-000070,CMP-047,LOT-0008,42
OP-000071,CMP-047,LOT-0008,45
OP-000072,CMP-047,LOT-0007,40
OP-000073,CMP-047,LOT-0007,36
OP-000074,CMP-047,LOT-0007,43
OP-000075,CMP-047,LOT-0008,35
OP-000076,CMP-047,LOT-0008,43
OP-000077,CMP-047,LOT-0008,25
OP-000078,CMP-047,LOT-0008,30
OP-000079,CMP-047,LOT-0008,26
OP-000080,CMP-047,LOT-0008,34
OP-000081,CMP-047,LOT-0009,38
OP-000082,CMP-047,LOT-0010,40
OP-000083,CMP-047,LOT-0010,34
OP-000084,CMP-047,LOT-0009,36
OP-000085,CMP-047,LOT-0009,40
OP-000086,CMP-047,LOT-0010,40
OP-000087,CMP-047,LOT-0009,34
OP-000088,CMP-047,LOT-0009,41
OP-000089,CMP-047,LOT-0010,36
OP-000090,CMP-047,LOT-0009,37
OP-000091,CMP-047,LOT-0010,35
OP-000092,CMP-047,LOT-0010,31
OP-000093,CMP-047,LOT-0010,40
OP-000094,CMP-047,LOT-0009,38
OP-000095,CMP-047,LOT-0009,36
OP-000096,CMP-047,LOT-0009,31
OP-000097,CMP-047,LOT-0010,24
OP-000098,CMP-047,LOT-0009,32
OP-000099,CMP-047,LOT-0009,28
OP-000100,CMP-047,LOT-0009,32
OP-000101,CMP-047,LOT-0011,39
OP-000102,CMP-047,LOT-0011,31
OP-000103,CMP-047,LOT-0011,34
OP-000104,CMP-047,LOT-0012,38
OP-000105,CMP-047,LOT-0011,38
OP-000106,CMP-047,LOT-0012,42
OP-000107,CMP-047,LOT-0011,32
OP-000108,CMP-047,LOT-0012,42
OP-000109,CMP-047,LOT-0012,32
OP-000110,CMP-047,LOT-0011,36
OP-000111,CMP-047,LOT-0011,33
OP-000112,CMP-047,LOT-0011,33
OP-000113,CMP-047,LOT-0011,31
OP-000114,CMP-047,LOT-0011,35
OP-000115,CMP-047,LOT-0011,36
OP-000116,CMP-047,LOT-0012,38
OP-000117,CMP-047,LOT-0011,25
OP-000118,CMP-047,LOT-0012,32
OP-000119,CMP-047,LOT-0011,30
OP-000120,CMP-047,LOT-0012,29
OP-000121,CMP-047,LOT-0014,37
OP-000122,CMP-047,LOT-0014,38
OP-000123,CMP-047,LOT-0013,37
OP-000124,CMP-047,LOT-0014,30
OP-000125,CMP-047,LOT-0013,34
OP-000126,CMP-047,LOT-0013,34
OP-000127,CMP-047,LOT-0013,36
OP-000128,CMP-047,LOT-0013,36
OP-000129,CMP-047,LOT-0014,33
OP-000130,CMP-047,LOT-0014,38
OP-000131,CMP-047,LOT-0014,31
OP-000132,CMP-047,LOT-0013,32
OP-000133,CMP-047,LOT-0013,37
OP-000134,CMP-047,LOT-0014,34
OP-000135,CMP-047,LOT-0014,36
OP-000136,CMP-047,LOT-0013,34
OP-000137,CMP-047,LOT-0014,24
OP-000138,CMP-047,LOT-0013,27
OP-000139,CMP-047,LOT-0013,27
OP-000140,CMP-047,LOT-0014,24
OP-000141,CMP-047,LOT-0016,39
OP-000142,CMP-047,LOT-0015,38
OP-000143,CMP-047,LOT-0016,36
OP-000144,CMP-047,LOT-0016,39
OP-000145,CMP-047,LOT-0016,35
OP-000146,CMP-047,LOT-0016,31
OP-000147,CMP-047,LOT-0016,34
OP-000148,CMP-047,LOT-0016,36
OP-000149,CMP-047,LOT-0015,30
OP-000150,CMP-047,LOT-0016,28
OP-000151,CMP-047,LOT-0015,29
OP-000152,CMP-047,LOT-0015,34
OP-000153,CMP-047,LOT-0016,38
OP-000154,CMP-047,LOT-0016,36
OP-000155,CMP-047,LOT-0016,36
OP-000156,CMP-047,LOT-0015,35
OP-000157,CMP-047,LOT-0016,24
OP-000158,CMP-047,LOT-0015,23
OP-000159,CMP-047,LOT-0015,29
OP-000160,CMP-047,LOT-0015,22
OP-000161,CMP-047,LOT-0017,32
OP-000162,CMP-047,LOT-0018,36
OP-000163,CMP-047,LOT-0018,35
OP-000164,CMP-047,LOT-0017,37
OP-000165,CMP-047,LOT-0017,38
OP-000166,CMP-047,LOT-0018,38
OP-000167,CMP-047,LOT-0017,29
OP-000168,CMP-047,LOT-0018,39
OP-000169,CMP-047,LOT-0017,35
OP-000170,CMP-047,LOT-0017,30
OP-000171,CMP-047,LOT-0017,30
OP-000172,CMP-047,LOT-0017,28
OP-000173,CMP-047,LOT-0017,39
OP-000174,CMP-047,LOT-0018,35
OP-000175,CMP-047,LOT-0017,29
OP-000176,CMP-047,LOT-0017,31
OP-000177,CMP-047,LOT-0017,23
OP-000178,CMP-047,LOT-0018,28
OP-000179,CMP-047,LOT-0018,29
OP-000180,CMP-047,LOT-0018,29
OP-000181,CMP-047,LOT-0019,35
OP-000182,CMP-047,LOT-0020,39
OP-000183,CMP-047,LOT-0020,40
OP-000184,CMP-047,LOT-0020,34
OP-000185,CMP-047,LOT-0020,30
OP-000186,CMP-047,LOT-0020,33
OP-000187,CMP-047,LOT-0019,34
OP-000188,CMP-047,LOT-0019,34
OP-000189,CMP-047,LOT-0020,36
OP-000190,CMP-047,LOT-0020,34
OP-000191,CMP-047,LOT-0020,32
OP-000192,CMP-047,LOT-0020,37
OP-000193,CMP-047,LOT-0019,30
OP-000194,CMP-047,LOT-0020,33
OP-000195,CMP-047,LOT-0019,32
OP-000196,CMP-047,LOT-0019,36
OP-000197,CMP-047,LOT-0020,25
OP-000198,CMP-047,LOT-0019,30
OP-000199,CMP-047,LOT-0020,29
OP-000200,CMP-047,LOT-0019,25
OP-000201,CMP-047,LOT-0021,37
OP-000202,CMP-047,LOT-0022,31
OP-000203,CMP-047,LOT-0021,31
OP-000204,CMP-047,LOT-0021,29
OP-000205,CMP-047,LOT-0021,39
OP-000206,CMP-047,LOT-0022,34
OP-000207,CMP-047,LOT-0022,36
OP-000208,CMP-047,LOT-0021,40
OP-000209,CMP-047,LOT-0022,38
OP-000210,CMP-047,LOT-0021,35
OP-000211,CMP-047,LOT-0021,33
OP-000212,CMP-047,LOT-0022,38
OP-000213,CMP-047,LOT-0021,38
OP-000214,CMP-047,LOT-0022,34
OP-000215,CMP-047,LOT-0021,38
OP-000216,CMP-047,LOT-0021,39
OP-000217,CMP-047,LOT-0022,27
OP-000218,CMP-047,LOT-0022,31
OP-000219,CMP-047,LOT-0021,25
OP-000220,CMP-047,LOT-0022,25
OP-000221,CMP-047,LOT-0024,34
OP-000222,CMP-047,LOT-0024,41
OP-000223,CMP-047,LOT-0023,38
OP-000224,CMP-047,LOT-0023,40
OP-000225,CMP-047,LOT-0024,38
OP-000226,CMP-047,LOT-0024,35
OP-000227,CMP-047,LOT-0023,38
OP-000228,CMP-047,LOT-0023,42
OP-000229,CMP-047,LOT-0024,31
OP-000230,CMP-047,LOT-0023,34
OP-000231,CMP-047,LOT-0023,32
OP-000232,CMP-047,LOT-0023,39
OP-000233,CMP-047,LOT-0024,40
OP-000234,CMP-047,LOT-0023,35
OP-000235,CMP-047,LOT-0023,36
OP-000236,CMP-047,LOT-0023,39
OP-000237,CMP-047,LOT-0024,27
OP-000238,CMP-047,LOT-0024,32
OP-000239,CMP-047,LOT-0023,28
OP-000240,CMP-047,LOT-0024,33
OP-000241,CMP-047,LOT-0026,43
OP-000242,CMP-047,LOT-0025,44
OP-000243,CMP-047,LOT-0026,41
OP-000244,CMP-047,LOT-0026,39
OP-000245,CMP-047,LOT-0025,40
OP-000246,CMP-047,LOT-0026,40
OP-000247,CMP-047,LOT-0025,36
OP-000248,CMP-047,LOT-0026,42
OP-000249,CMP-047,LOT-0026,39
OP-000250,CMP-047,LOT-0025,35
OP-000251,CMP-047,LOT-0025,44
OP-000252,CMP-047,LOT-0026,44
OP-000253,CMP-047,LOT-0025,39
OP-000254,CMP-047,LOT-0025,45
OP-000255,CMP-047,LOT-0025,48
OP-000256,CMP-047,LOT-0026,41
OP-000257,CMP-047,LOT-0026,26
OP-000258,CMP-047,LOT-0025,22
OP-000259,CMP-047,LOT-0025,24
OP-000260,CMP-047,LOT-0025,28
OP-000261,CMP-047,LOT-0027,37
OP-000262,CMP-047,LOT-0027,44
OP-000263,CMP-047,LOT-0028,47
OP-000264,CMP-047,LOT-0028,44
OP-000265,CMP-047,LOT-0028,40
OP-000266,CMP-047,LOT-0027,43
OP-000267,CMP-047,LOT-0028,38
OP-000268,CMP-047,LOT-0027,44
OP-000269,CMP-047,LOT-0028,45
OP-000270,CMP-047,LOT-0027,48
OP-000271,CMP-047,LOT-0027,46
OP-000272,CMP-047,LOT-0028,45
OP-000273,CMP-047,LOT-0028,40
OP-000274,CMP-047,LOT-0027,41
OP-000275,CMP-047,LOT-0027,41
OP-000276,CMP-047,LOT-0028,35
OP-000277,CMP-047,LOT-0028,29
OP-000278,CMP-047,LOT-0028,27
OP-000279,CMP-047,LOT-0028,29
OP-000280,CMP-047,LOT-0028,29
OP-000281,CMP-047,LOT-0029,47
OP-000282,CMP-047,LOT-0029,40
OP-000283,CMP-047,LOT-0030,42
OP-000284,CMP-047,LOT-0030,37
OP-000285,CMP-047,LOT-0030,43
OP-000286,CMP-047,LOT-0029,45
OP-000287,CMP-047,LOT-0029,43
OP-000288,CMP-047,LOT-0029,35
OP-000289,CMP-047,LOT-0029,40
OP-000290,CMP-047,LOT-0030,43
OP-000291,CMP-047,LOT-0030,37
OP-000292,CMP-047,LOT-0030,41
OP-000293,CMP-047,LOT-0030,42
OP-000294,CMP-047,LOT-0029,44
OP-000295,CMP-047,LOT-0029,47
OP-000296,CMP-047,LOT-0030,41
OP-000297,CMP-047,LOT-0029,34
OP-000298,CMP-047,LOT-0030,30
OP-000299,CMP-047,LOT-0030,36
OP-000300,CMP-047,LOT-0029,30
OP-000301,CMP-047,LOT-0031,41
OP-000302,CMP-047,LOT-0032,36
OP-000303,CMP-047,LOT-0032,37
OP-000304,CMP-047,LOT-0032,40
OP-000305,CMP-047,LOT-0031,42
OP-000306,CMP-047,LOT-0031,46
OP-000307,CMP-047,LOT-0031,41
OP-000308,CMP-047,LOT-0031,40
OP-000309,CMP-047,LOT-0032,38
OP-000310,CMP-047,LOT-0032,41
OP-000311,CMP-047,LOT-0031,37
OP-000312,CMP-047,LOT-0031,38
OP-000313,CMP-047,LOT-0031,40
OP-000314,CMP-047,LOT-0031,42
OP-000315,CMP-047,LOT-0032,45
OP-000316,CMP-047,LOT-0032,43
OP-000317,CMP-047,LOT-0032,30
OP-000318,CMP-047,LOT-0031,33
OP-000319,CMP-047,LOT-0032,31
OP-000320,CMP-047,LOT-0031,33
OP-000321,CMP-047,LOT-0033,35
OP-000322,CMP-047,LOT-0034,40
OP-000323,CMP-047,LOT-0033,39
OP-000324,CMP-047,LOT-0034,35
OP-000325,CMP-047,LOT-0033,39
OP-000326,CMP-047,LOT-0033,41
OP-000327,CMP-047,LOT-0033,34
OP-000328,CMP-047,LOT-0034,44
OP-000329,CMP-047,LOT-0034,35
OP-000330,CMP-047,LOT-0034,37
OP-000331,CMP-047,LOT-0033,39
OP-000332,CMP-047,LOT-0034,44
OP-000333,CMP-047,LOT-0033,43
OP-000334,CMP-047,LOT-0033,41
OP-000335,CMP-047,LOT-0034,36
OP-000336,CMP-047,LOT-0033,36
OP-000337,CMP-047,LOT-0033,34
OP-000338,CMP-047,LOT-0034,30
OP-000339,CMP-047,LOT-0034,34
OP-000340,CMP-047,LOT-0033,33
OP-000341,CMP-047,LOT-0038,34
OP-000342,CMP-047,LOT-0035,34
OP-000343,CMP-047,LOT-0035,35
OP-000344,CMP-047,LOT-0036,41
OP-000345,CMP-047,LOT-0037,45
OP-000346,CMP-047,LOT-0037,42
OP-000347,CMP-047,LOT-0037,43
OP-000348,CMP-047,LOT-0035,40
OP-000349,CMP-047,LOT-0037,44
OP-000350,CMP-047,LOT-0036,45
OP-000351,CMP-047,LOT-0038,43
OP-000352,CMP-047,LOT-0038,40
OP-000353,CMP-047,LOT-0036,33
OP-000354,CMP-047,LOT-0038,38
OP-000355,CMP-047,LOT-0038,38
OP-000356,CMP-047,LOT-0035,34
OP-000357,CMP-047,LOT-0037,35
OP-000358,CMP-047,LOT-0037,27
OP-000359,CMP-047,LOT-0036,29
OP-000360,CMP-047,LOT-0035,29
OP-000361,CMP-047,LOT-0039,37
OP-000362,CMP-047,LOT-0042,39
OP-000363,CMP-047,LOT-0042,46
OP-000364,CMP-047,LOT-0042,38
OP-000365,CMP-047,LOT-0041,44
OP-000366,CMP-047,LOT-0041,39
OP-000367,CMP-047,LOT-0039,43
OP-000368,CMP-047,LOT-0040,43
OP-000369,CMP-047,LOT-0040,43
OP-000370,CMP-047,LOT-0040,48
OP-000371,CMP-047,LOT-0041,50
OP-000372,CMP-047,LOT-0040,45
OP-000373,CMP-047,LOT-0041,45
OP-000374,CMP-047,LOT-0041,44
OP-000375,CMP-047,LOT-0039,41
OP-000376,CMP-047,LOT-0042,46
OP-000377,CMP-047,LOT-0039,24
OP-000378,CMP-047,LOT-0040,30
OP-000379,CMP-047,LOT-0039,27
OP-000380,CMP-047,LOT-0041,25
OP-000381,CMP-047,LOT-0044,45
OP-000382,CMP-047,LOT-0043,44
OP-000383,CMP-047,LOT-0043,36
OP-000384,CMP-047,LOT-0043,44
OP-000385,CMP-047,LOT-0044,42
OP-000386,CMP-047,LOT-0045,42
OP-000387,CMP-047,LOT-0043,39
OP-000388,CMP-047,LOT-0043,42
OP-000389,CMP-047,LOT-0043,42
OP-000390,CMP-047,LOT-0046,49
OP-000391,CMP-047,LOT-0046,43
OP-000392,CMP-047,LOT-0044,39
OP-000393,CMP-047,LOT-0045,47
OP-000394,CMP-047,LOT-0043,43
OP-000395,CMP-047,LOT-0046,43
OP-000396,CMP-047,LOT-0043,47
OP-000397,CMP-047,LOT-0045,32
OP-000398,CMP-047,LOT-0043,29
OP-000399,CMP-047,LOT-0044,22
OP-000400,CMP-047,LOT-0043,23
OP-000401,CMP-047,LOT-0049,43
OP-000402,CMP-047,LOT-0048,45
OP-000403,CMP-047,LOT-0047,38
OP-000404,CMP-047,LOT-0049,38
OP-000405,CMP-047,LOT-0049,39
OP-000406,CMP-047,LOT-0050,46
OP-000407,CMP-047,LOT-0050,45
OP-000408,CMP-047,LOT-0049,38
OP-000409,CMP-047,LOT-0048,40
OP-000410,CMP-047,LOT-0049,49
OP-000411,CMP-047,LOT-0048,43
OP-000412,CMP-047,LOT-0049,43
OP-000413,CMP-047,LOT-0047,47
OP-000414,CMP-047,LOT-0047,41
OP-000415,CMP-047,LOT-0048,38
OP-000416,CMP-047,LOT-0048,41
OP-000417,CMP-047,LOT-0050,25
OP-000418,CMP-047,LOT-0049,24
OP-000419,CMP-047,LOT-0050,26
OP-000420,CMP-047,LOT-0050,22
OP-000421,CMP-047,LOT-0051,39
OP-000422,CMP-047,LOT-0054,41
OP-000423,CMP-047,LOT-0053,36
OP-000424,CMP-047,LOT-0053,37
OP-000425,CMP-047,LOT-0052,41
OP-000426,CMP-047,LOT-0051,38
OP-000427,CMP-047,LOT-0051,37
OP-000428,CMP-047,LOT-0054,38
OP-000429,CMP-047,LOT-0054,38
OP-000430,CMP-047,LOT-0052,33
OP-000431,CMP-047,LOT-0053,42
OP-000432,CMP-047,LOT-0052,32
OP-000433,CMP-047,LOT-0051,37
OP-000434,CMP-047,LOT-0054,34
OP-000435,CMP-047,LOT-0052,38
OP-000436,CMP-047,LOT-0053,33
OP-000437,CMP-047,LOT-0054,22
OP-000438,CMP-047,LOT-0051,28
OP-000439,CMP-047,LOT-0054,24
OP-000440,CMP-047,LOT-0053,25
OP-000441,CMP-047,LOT-0056,36
OP-000442,CMP-047,LOT-0058,41
OP-000443,CMP-047,LOT-0057,39
OP-000444,CMP-047,LOT-0055,34
OP-000445,CMP-047,LOT-0055,40
OP-000446,CMP-047,LOT-0056,39
OP-000447,CMP-047,LOT-0056,37
OP-000448,CMP-047,LOT-0057,36
OP-000449,CMP-047,LOT-0055,37
OP-000450,CMP-047,LOT-0056,33
OP-000451,CMP-047,LOT-0058,38
OP-000452,CMP-047,LOT-0057,32
OP-000453,CMP-047,LOT-0056,35
OP-000454,CMP-047,LOT-0057,43
OP-000455,CMP-047,LOT-0057,43
OP-000456,CMP-047,LOT-0055,35
OP-000457,CMP-047,LOT-0055,30
OP-000458,CMP-047,LOT-0057,22
OP-000459,CMP-047,LOT-0055,27
OP-000460,CMP-047,LOT-0056,24
OP-000461,CMP-047,LOT-0061,43
OP-000462,CMP-047,LOT-0062,43
OP-000463,CMP-047,LOT-0062,40
OP-000464,CMP-047,LOT-0060,47
OP-000465,CMP-047,LOT-0060,45
OP-000466,CMP-047,LOT-0060,40
OP-000467,CMP-047,LOT-0061,47
OP-000468,CMP-047,LOT-0061,45
OP-000469,CMP-047,LOT-0060,37
OP-000470,CMP-047,LOT-0062,40
OP-000471,CMP-047,LOT-0060,34
OP-000472,CMP-047,LOT-0062,38
OP-000473,CMP-047,LOT-0061,37
OP-000474,CMP-047,LOT-0062,34
OP-000475,CMP-047,LOT-0059,35
OP-000476,CMP-047,LOT-0059,39
OP-000477,CMP-047,LOT-0059,29
OP-000478,CMP-047,LOT-0060,28
OP-000479,CMP-047,LOT-0061,27
OP-000480,CMP-047,LOT-0060,32
