produto_id,mes,custo_material,custo_producao,custo_embalagem,custo_total
AX-100,2025-01,409.4,178.0,31.15,618.55
AX-110,2025-01,478.4,208.0,36.4,722.8
AX-120,2025-01,639.4,278.0,48.65,966.05
AX-130,2025-01,556.6,242.0,42.35,840.95
BZ-200,2025-01,306.6,146.0,25.55,507.35
AX-100,2025-02,409.4,178.0,31.15,618.55
AX-110,2025-02,478.4,208.0,36.4,722.8
AX-120,2025-02,639.4,278.0,48.65,966.05
AX-130,2025-02,556.6,242.0,42.35,840.95
BZ-200,2025-02,306.6,146.0,25.55,507.35
AX-100,2025-03,409.4,178.0,31.15,618.55
AX-110,2025-03,478.4,208.0,36.4,722.8
AX-120,2025-03,639.4,278.0,48.65,966.05
AX-130,2025-03,556.6,242.0,42.35,840.95
BZ-200,2025-03,306.6,146.0,25.55,507.35
AX-100,2025-04,409.4,178.0,31.15,618.55
AX-110,2025-04,478.4,208.0,36.4,722.8
AX-120,2025-04,639.4,278.0,48.65,966.05
AX-130,2025-04,556.6,242.0,42.35,840.95
BZ-200,2025-04,306.6,146.0,25.55,507.35
AX-100,2025-05,409.4,178.0,31.15,618.55
AX-110,2025-05,478.4,208.0,36.4,722.8
AX-120,2025-05,639.4,278.0,48.65,966.05
AX-130,2025-05,556.6,242.0,42.35,840.95
BZ-200,2025-05,306.6,146.0,25.55,507.35
AX-100,2025-06,409.4,178.0,31.15,618.55
AX-110,2025-06,478.4,208.0,36.4,722.8
AX-120,2025-06,639.4,278.0,48.65,966.05
AX-130,2025-06,556.6,242.0,42.35,840.95
BZ-200,2025-06,306.6,146.0,25.55,507.35
AX-100,2025-07,409.4,178.0,31.15,618.55
AX-110,2025-07,478.4,208.0,36.4,722.8
AX-120,2025-07,639.4,278.0,48.65,966.05
AX-130,2025-07,556.6,242.0,42.35,840.95
BZ-200,2025-07,306.6,146.0,25.55,507.35
AX-100,2025-08,409.4,178.0,31.15,618.55
AX-110,2025-08,478.4,208.0,36.4,722.8
AX-120,2025-08,639.4,278.0,48.65,966.05
AX-130,2025-08,556.6,242.0,42.35,840.95
BZ-200,2025-08,306.6,146.0,25.55,507.35
AX-100,2025-09,409.4,178.0,31.15,618.55
AX-110,2025-09,478.4,208.0,36.4,722.8
AX-120,2025-09,639.4,278.0,48.65,966.05
AX-130,2025-09,556.6,242.0,42.35,840.95
BZ-200,2025-09,306.6,146.0,25.55,507.35
AX-100,2025-10,409.4,178.0,31.15,618.55
AX-110,2025-10,478.4,208.0,36.4,722.8
AX-120,2025-10,639.4,278.0,48.65,966.05
AX-130,2025-10,556.6,242.0,42.35,840.95
BZ-200,2025-10,306.6,146.0,25.55,507.35
AX-100,2025-11,409.4,178.0,31.15,618.55
AX-110,2025-11,478.4,208.0,36.4,722.8
AX-120,2025-11,639.4,278.0,48.65,966.05
AX-130,2025-11,556.6,242.0,42.35,840.95
BZ-200,2025-11,306.6,146.0,25.55,507.35
AX-100,2025-12,409.4,178.0,31.15,618.55
AX-110,2025-12,478.4,208.0,36.4,722.8
AX-120,2025-12,639.4,278.0,48.65,966.05
AX-130,2025-12,556.6,242.0,42.35,840.95
BZ-200,2025-12,306.6,146.0,25.55,507.35
AX-100,2026-01,409.4,178.0,31.15,618.55
AX-110,2026-01,478.4,208.0,36.4,722.8
AX-120,2026-01,639.4,278.0,48.65,966.05
AX-130,2026-01,556.6,242.0,42.35,840.95
BZ-200,2026-01,306.6,146.0,25.55,507.35
AX-100,2026-02,409.4,178.0,31.15,618.55
AX-110,2026-02,478.4,208.0,36.4,722.8
AX-120,2026-02,639.4,278.0,48.65,966.05
AX-130,2026-02,556.6,242.0,42.35,840.95
BZ-200,2026-02,306.6,146.0,25.55,507.35
AX-100,2026-03,409.4,178.0,31.15,618.55
AX-110,2026-03,478.4,208.0,36.4,722.8
AX-120,2026-03,639.4,278.0,48.65,966.05
AX-130,2026-03,556.6,242.0,42.35,840.95
BZ-200,2026-03,306.6,146.0,25.55,507.35
AX-100,2026-04,409.4,178.0,31.15,618.55
AX-110,2026-04,478.4,208.0,36.4,722.8
AX-120,2026-04,639.4,278.0,48.65,966.05
AX-130,2026-04,556.6,242.0,42.35,840.95
BZ-200,2026-04,306.6,146.0,25.55,507.35
AX-100,2026-05,409.4,178.0,31.15,618.55
AX-110,2026-05,478.4,208.0,36.4,722.8
AX-120,2026-05,639.4,278.0,48.65,966.05
AX-130,2026-05,556.6,242.0,42.35,840.95
BZ-200,2026-05,306.6,146.0,25.55,507.35
AX-100,2026-06,409.4,178.0,31.15,618.55
AX-110,2026-06,478.4,208.0,36.4,722.8
AX-120,2026-06,639.4,278.0,48.65,966.05
AX-130,2026-06,556.6,242.0,42.35,840.95
BZ-200,2026-06,306.6,146.0,25.55,507.35
AX-100,2026-07,409.4,178.0,31.15,618.55
AX-110,2026-07,478.4,208.0,36.4,722.8
AX-120,2026-07,639.4,278.0,48.65,966.05
AX-130,2026-07,556.6,242.0,42.35,840.95
BZ-200,2026-07,306.6,146.0,25.55,507.35
AX-100,2026-08,438.06,190.46,31.15,661.85
AX-110,2026-08,511.89,222.56,36.4,773.4
AX-120,2026-08,684.16,297.46,48.65,1033.67
AX-130,2026-08,595.56,258.94,42.35,899.82
BZ-200,2026-08,306.6,146.0,25.55,507.35
AX-100,2026-09,438.06,190.46,31.15,661.85
AX-110,2026-09,511.89,222.56,36.4,773.4
AX-120,2026-09,684.16,297.46,48.65,1033.67
AX-130,2026-09,595.56,258.94,42.35,899.82
BZ-200,2026-09,306.6,146.0,25.55,507.35
AX-100,2026-10,438.06,190.46,31.15,661.85
AX-110,2026-10,511.89,222.56,36.4,773.4
AX-120,2026-10,684.16,297.46,48.65,1033.67
AX-130,2026-10,595.56,258.94,42.35,899.82
BZ-200,2026-10,306.6,146.0,25.55,507.35
AX-100,2026-11,438.06,190.46,31.15,661.85
AX-110,2026-11,511.89,222.56,36.4,773.4
AX-120,2026-11,684.16,297.46,48.65,1033.67
AX-130,2026-11,595.56,258.94,42.35,899.82
BZ-200,2026-11,306.6,146.0,25.55,507.35
AX-100,2026-12,438.06,190.46,31.15,661.85
AX-110,2026-12,511.89,222.56,36.4,773.4
AX-120,2026-12,684.16,297.46,48.65,1033.67
AX-130,2026-12,595.56,258.94,42.35,899.82
BZ-200,2026-12,306.6,146.0,25.55,507.35
