mes,produto_id,local_id,saldo_fisico,reservado,bloqueado,disponivel,valor_estoque
2025-01,AX-100,FAB-MG,520,62,16,442,323960.0
2025-01,AX-110,FAB-MG,520,62,14,444,378560.0
2025-01,AX-120,FAB-MG,520,62,3,455,505960.0
2025-01,AX-130,FAB-MG,520,62,11,447,440440.0
2025-01,BZ-200,FAB-MG,2078,62,0,2016,1061858.0
2025-01,CMP-047,FAB-MG,5200,156,0,5044,208000.0
2025-02,AX-100,FAB-MG,520,62,15,443,323960.0
2025-02,AX-110,FAB-MG,520,62,2,456,378560.0
2025-02,AX-120,FAB-MG,520,62,8,450,505960.0
2025-02,AX-130,FAB-MG,520,62,14,444,440440.0
2025-02,BZ-200,FAB-MG,2162,65,0,2097,1104782.0
2025-02,CMP-047,FAB-MG,5200,156,0,5044,208000.0
2025-03,AX-100,FAB-MG,520,62,15,443,323960.0
2025-03,AX-110,FAB-MG,520,62,0,458,378560.0
2025-03,AX-120,FAB-MG,520,62,2,456,505960.0
2025-03,AX-130,FAB-MG,520,62,1,457,440440.0
2025-03,BZ-200,FAB-MG,2211,66,0,2145,1129821.0
2025-03,CMP-047,FAB-MG,5200,156,0,5044,208000.0
2025-04,AX-100,FAB-MG,520,62,9,449,323960.0
2025-04,AX-110,FAB-MG,520,62,4,454,378560.0
2025-04,AX-120,FAB-MG,520,62,12,446,505960.0
2025-04,AX-130,FAB-MG,520,62,0,458,440440.0
2025-04,BZ-200,FAB-MG,2119,64,0,2055,1082809.0
2025-04,CMP-047,FAB-MG,5200,156,0,5044,208000.0
2025-05,AX-100,FAB-MG,520,62,15,443,323960.0
2025-05,AX-110,FAB-MG,520,62,2,456,378560.0
2025-05,AX-120,FAB-MG,520,62,16,442,505960.0
2025-05,AX-130,FAB-MG,520,62,17,441,440440.0
2025-05,BZ-200,FAB-MG,2034,61,0,1973,1039374.0
2025-05,CMP-047,FAB-MG,5200,156,0,5044,208000.0
2025-06,AX-100,FAB-MG,520,62,9,449,323960.0
2025-06,AX-110,FAB-MG,520,62,2,456,378560.0
2025-06,AX-120,FAB-MG,520,62,2,456,505960.0
2025-06,AX-130,FAB-MG,520,62,4,454,440440.0
2025-06,BZ-200,FAB-MG,2144,64,0,2080,1095584.0
2025-06,CMP-047,FAB-MG,5200,156,0,5044,208000.0
2025-07,AX-100,FAB-MG,520,62,3,455,323960.0
2025-07,AX-110,FAB-MG,520,62,1,457,378560.0
2025-07,AX-120,FAB-MG,520,62,8,450,505960.0
2025-07,AX-130,FAB-MG,520,62,16,442,440440.0
2025-07,BZ-200,FAB-MG,2168,65,0,2103,1107848.0
2025-07,CMP-047,FAB-MG,5200,156,0,5044,208000.0
2025-08,AX-100,FAB-MG,520,62,2,456,323960.0
2025-08,AX-110,FAB-MG,520,62,2,456,378560.0
2025-08,AX-120,FAB-MG,520,62,7,451,505960.0
2025-08,AX-130,FAB-MG,520,62,0,458,440440.0
2025-08,BZ-200,FAB-MG,2133,64,0,2069,1089963.0
2025-08,CMP-047,FAB-MG,5200,156,0,5044,208000.0
2025-09,AX-100,FAB-MG,520,62,16,442,323960.0
2025-09,AX-110,FAB-MG,520,62,1,457,378560.0
2025-09,AX-120,FAB-MG,520,62,18,440,505960.0
2025-09,AX-130,FAB-MG,520,62,10,448,440440.0
2025-09,BZ-200,FAB-MG,2215,66,0,2149,1131865.0
2025-09,CMP-047,FAB-MG,5200,156,0,5044,208000.0
2025-10,AX-100,FAB-MG,520,62,4,454,323960.0
2025-10,AX-110,FAB-MG,520,62,12,446,378560.0
2025-10,AX-120,FAB-MG,520,62,15,443,505960.0
2025-10,AX-130,FAB-MG,520,62,3,455,440440.0
2025-10,BZ-200,FAB-MG,2179,65,0,2114,1113469.0
2025-10,CMP-047,FAB-MG,5200,156,0,5044,208000.0
2025-11,AX-100,FAB-MG,520,62,11,447,323960.0
2025-11,AX-110,FAB-MG,520,62,11,447,378560.0
2025-11,AX-120,FAB-MG,520,62,18,440,505960.0
2025-11,AX-130,FAB-MG,520,62,7,451,440440.0
2025-11,BZ-200,FAB-MG,2170,65,0,2105,1108870.0
2025-11,CMP-047,FAB-MG,5200,156,0,5044,208000.0
2025-12,AX-100,FAB-MG,520,62,4,454,323960.0
2025-12,AX-110,FAB-MG,520,62,5,453,378560.0
2025-12,AX-120,FAB-MG,520,62,16,442,505960.0
2025-12,AX-130,FAB-MG,520,62,5,453,440440.0
2025-12,BZ-200,FAB-MG,2209,66,0,2143,1128799.0
2025-12,CMP-047,FAB-MG,5200,156,0,5044,208000.0
2026-01,AX-100,FAB-MG,520,62,15,443,323960.0
2026-01,AX-110,FAB-MG,520,62,16,442,378560.0
2026-01,AX-120,FAB-MG,520,62,13,445,505960.0
2026-01,AX-130,FAB-MG,520,62,8,450,440440.0
2026-01,BZ-200,FAB-MG,2212,66,0,2146,1130332.0
2026-01,CMP-047,FAB-MG,5200,156,0,5044,208000.0
2026-02,AX-100,FAB-MG,520,62,2,456,323960.0
2026-02,AX-110,FAB-MG,520,62,4,454,378560.0
2026-02,AX-120,FAB-MG,520,62,3,455,505960.0
2026-02,AX-130,FAB-MG,520,62,1,457,440440.0
2026-02,BZ-200,FAB-MG,2016,60,0,1956,1030176.0
2026-02,CMP-047,FAB-MG,5200,156,0,5044,208000.0
2026-03,AX-100,FAB-MG,520,62,13,445,323960.0
2026-03,AX-110,FAB-MG,520,62,17,441,378560.0
2026-03,AX-120,FAB-MG,520,62,13,445,505960.0
2026-03,AX-130,FAB-MG,520,62,3,455,440440.0
2026-03,BZ-200,FAB-MG,2231,67,0,2164,1140041.0
2026-03,CMP-047,FAB-MG,5200,156,0,5044,208000.0
2026-04,AX-100,FAB-MG,520,62,16,442,323960.0
2026-04,AX-110,FAB-MG,520,62,6,452,378560.0
2026-04,AX-120,FAB-MG,520,62,15,443,505960.0
2026-04,AX-130,FAB-MG,520,62,15,443,440440.0
2026-04,BZ-200,FAB-MG,2232,67,0,2165,1140552.0
2026-04,CMP-047,FAB-MG,5200,156,0,5044,208000.0
2026-05,AX-100,FAB-MG,520,62,0,458,323960.0
2026-05,AX-110,FAB-MG,520,62,3,455,378560.0
2026-05,AX-120,FAB-MG,520,62,5,453,505960.0
2026-05,AX-130,FAB-MG,520,62,8,450,440440.0
2026-05,BZ-200,FAB-MG,2200,66,0,2134,1124200.0
2026-05,CMP-047,FAB-MG,5200,156,0,5044,208000.0
2026-06,AX-100,FAB-MG,520,62,10,448,323960.0
2026-06,AX-110,FAB-MG,520,62,5,453,378560.0
2026-06,AX-120,FAB-MG,520,62,9,449,505960.0
2026-06,AX-130,FAB-MG,520,62,18,440,440440.0
2026-06,BZ-200,FAB-MG,2234,67,0,2167,1141574.0
2026-06,CMP-047,FAB-MG,5200,156,0,5044,208000.0
2026-07,AX-100,FAB-MG,520,62,5,453,323960.0
2026-07,AX-110,FAB-MG,520,62,16,442,378560.0
2026-07,AX-120,FAB-MG,520,62,12,446,505960.0
2026-07,AX-130,FAB-MG,520,62,7,451,440440.0
2026-07,BZ-200,FAB-MG,2144,64,0,2080,1095584.0
2026-07,CMP-047,FAB-MG,5200,156,0,5044,208000.0
2026-08,AX-100,FAB-MG,380,46,0,334,236740.0
2026-08,AX-110,FAB-MG,380,46,11,323,276640.0
2026-08,AX-120,FAB-MG,380,46,15,319,369740.0
2026-08,AX-130,FAB-MG,380,46,6,328,321860.0
2026-08,BZ-200,FAB-MG,2136,64,0,2072,1091496.0
2026-08,CMP-047,FAB-MG,3200,96,558,2546,128000.0
2026-09,AX-100,FAB-MG,315,38,10,267,196245.0
2026-09,AX-110,FAB-MG,315,38,14,263,229320.0
2026-09,AX-120,FAB-MG,315,38,13,264,306495.0
2026-09,AX-130,FAB-MG,315,38,16,261,266805.0
2026-09,BZ-200,FAB-MG,2196,66,0,2130,1122156.0
2026-09,CMP-047,FAB-MG,2750,82,468,2200,110000.0
2026-10,AX-100,FAB-MG,250,30,17,203,155750.0
2026-10,AX-110,FAB-MG,250,30,17,203,182000.0
2026-10,AX-120,FAB-MG,250,30,14,206,243250.0
2026-10,AX-130,FAB-MG,250,30,8,212,211750.0
2026-10,BZ-200,FAB-MG,2224,67,0,2157,1136464.0
2026-10,CMP-047,FAB-MG,2300,69,460,1771,92000.0
2026-11,AX-100,FAB-MG,185,22,8,155,115255.0
2026-11,AX-110,FAB-MG,185,22,18,145,134680.0
2026-11,AX-120,FAB-MG,185,22,8,155,180005.0
2026-11,AX-130,FAB-MG,185,22,7,156,156695.0
2026-11,BZ-200,FAB-MG,2214,66,0,2148,1131354.0
2026-11,CMP-047,FAB-MG,1850,56,424,1370,74000.0
2026-12,AX-100,FAB-MG,120,14,18,88,74760.0
2026-12,AX-110,FAB-MG,120,14,7,99,87360.0
2026-12,AX-120,FAB-MG,120,14,8,98,116760.0
2026-12,AX-130,FAB-MG,120,14,3,103,101640.0
2026-12,BZ-200,FAB-MG,2018,61,0,1957,1031198.0
2026-12,CMP-047,FAB-MG,1400,42,462,896,56000.0
