inspecao_id,ordem_producao_id,produto_id,maquina_id,lote_material_id,data_inspecao,tipo_defeito,quantidade_inspecionada,quantidade_aprovada,quantidade_reprovada
INSP-000001,OP-000001,AX-100,MAQ-021,LOT-0002,2025-01-13,sem_defeito,34,34,0
INSP-000002,OP-000002,AX-100,MAQ-021,LOT-0001,2025-01-20,sem_defeito,37,37,0
INSP-000003,OP-000003,AX-100,MAQ-021,LOT-0001,2025-01-27,falha_vedacao,40,39,1
INSP-000004,OP-000004,AX-100,MAQ-021,LOT-0002,2025-02-03,sem_defeito,36,36,0
INSP-000005,OP-000005,AX-110,MAQ-021,LOT-0001,2025-01-13,falha_vedacao,42,41,1
INSP-000006,OP-000006,AX-110,MAQ-021,LOT-0002,2025-01-20,falha_vedacao,38,37,1
INSP-000007,OP-000007,AX-110,MAQ-021,LOT-0001,2025-01-27,sem_defeito,39,39,0
INSP-000008,OP-000008,AX-110,MAQ-021,LOT-0001,2025-02-03,sem_defeito,35,35,0
INSP-000009,OP-000009,AX-120,MAQ-012,LOT-0001,2025-01-13,sem_defeito,34,34,0
INSP-000010,OP-000010,AX-120,MAQ-012,LOT-0002,2025-01-20,falha_vedacao,42,41,1
INSP-000011,OP-000011,AX-120,MAQ-012,LOT-0001,2025-01-27,falha_vedacao,41,40,1
INSP-000012,OP-000012,AX-120,MAQ-012,LOT-0002,2025-02-03,falha_vedacao,34,33,1
INSP-000013,OP-000013,AX-130,MAQ-012,LOT-0002,2025-01-13,falha_vedacao,40,39,1
INSP-000014,OP-000014,AX-130,MAQ-012,LOT-0002,2025-01-20,sem_defeito,33,33,0
INSP-000015,OP-000015,AX-130,MAQ-012,LOT-0002,2025-01-27,falha_vedacao,36,35,1
INSP-000016,OP-000016,AX-130,MAQ-012,LOT-0002,2025-02-03,sem_defeito,39,39,0
INSP-000017,OP-000017,BZ-200,MAQ-021,LOT-0002,2025-01-13,sem_defeito,25,25,0
INSP-000018,OP-000018,BZ-200,MAQ-021,LOT-0001,2025-01-20,sem_defeito,26,26,0
INSP-000019,OP-000019,BZ-200,MAQ-021,LOT-0002,2025-01-27,sem_defeito,26,26,0
INSP-000020,OP-000020,BZ-200,MAQ-021,LOT-0002,2025-02-03,falha_vedacao,30,29,1
INSP-000021,OP-000021,AX-100,MAQ-021,LOT-0003,2025-02-13,falha_vedacao,45,44,1
INSP-000022,OP-000022,AX-100,MAQ-021,LOT-0004,2025-02-20,falha_vedacao,42,41,1
INSP-000023,OP-000023,AX-100,MAQ-021,LOT-0004,2025-02-27,falha_vedacao,45,44,1
INSP-000024,OP-000024,AX-100,MAQ-021,LOT-0003,2025-03-06,sem_defeito,43,43,0
INSP-000025,OP-000025,AX-110,MAQ-021,LOT-0003,2025-02-13,sem_defeito,39,39,0
INSP-000026,OP-000026,AX-110,MAQ-021,LOT-0003,2025-02-20,falha_vedacao,43,42,1
INSP-000027,OP-000027,AX-110,MAQ-021,LOT-0004,2025-02-27,sem_defeito,44,44,0
INSP-000028,OP-000028,AX-110,MAQ-021,LOT-0003,2025-03-06,falha_vedacao,36,35,1
INSP-000029,OP-000029,AX-120,MAQ-012,LOT-0004,2025-02-13,falha_vedacao,33,32,1
INSP-000030,OP-000030,AX-120,MAQ-012,LOT-0003,2025-02-20,falha_vedacao,38,37,1
INSP-000031,OP-000031,AX-120,MAQ-012,LOT-0003,2025-02-27,falha_vedacao,41,40,1
INSP-000032,OP-000032,AX-120,MAQ-012,LOT-0003,2025-03-06,sem_defeito,34,34,0
INSP-000033,OP-000033,AX-130,MAQ-012,LOT-0003,2025-02-13,sem_defeito,43,43,0
INSP-000034,OP-000034,AX-130,MAQ-012,LOT-0003,2025-02-20,falha_vedacao,40,39,1
INSP-000035,OP-000035,AX-130,MAQ-012,LOT-0003,2025-02-27,falha_vedacao,46,45,1
INSP-000036,OP-000036,AX-130,MAQ-012,LOT-0004,2025-03-06,falha_vedacao,45,44,1
INSP-000037,OP-000037,BZ-200,MAQ-021,LOT-0004,2025-02-13,sem_defeito,27,27,0
INSP-000038,OP-000038,BZ-200,MAQ-021,LOT-0004,2025-02-20,sem_defeito,26,26,0
INSP-000039,OP-000039,BZ-200,MAQ-021,LOT-0004,2025-02-27,sem_defeito,26,26,0
INSP-000040,OP-000040,BZ-200,MAQ-021,LOT-0004,2025-03-06,sem_defeito,31,31,0
INSP-000041,OP-000041,AX-100,MAQ-021,LOT-0006,2025-03-13,sem_defeito,41,41,0
INSP-000042,OP-000042,AX-100,MAQ-021,LOT-0005,2025-03-20,falha_vedacao,43,42,1
INSP-000043,OP-000043,AX-100,MAQ-021,LOT-0005,2025-03-27,sem_defeito,43,43,0
INSP-000044,OP-000044,AX-100,MAQ-021,LOT-0006,2025-04-03,sem_defeito,36,36,0
INSP-000045,OP-000045,AX-110,MAQ-021,LOT-0006,2025-03-13,sem_defeito,45,45,0
INSP-000046,OP-000046,AX-110,MAQ-021,LOT-0005,2025-03-20,falha_vedacao,41,40,1
INSP-000047,OP-000047,AX-110,MAQ-021,LOT-0005,2025-03-27,falha_vedacao,36,35,1
INSP-000048,OP-000048,AX-110,MAQ-021,LOT-0006,2025-04-03,sem_defeito,42,42,0
INSP-000049,OP-000049,AX-120,MAQ-012,LOT-0005,2025-03-13,falha_vedacao,41,40,1
INSP-000050,OP-000050,AX-120,MAQ-012,LOT-0006,2025-03-20,sem_defeito,38,38,0
INSP-000051,OP-000051,AX-120,MAQ-012,LOT-0006,2025-03-27,sem_defeito,44,44,0
INSP-000052,OP-000052,AX-120,MAQ-012,LOT-0006,2025-04-03,sem_defeito,44,44,0
INSP-000053,OP-000053,AX-130,MAQ-012,LOT-0006,2025-03-13,sem_defeito,36,36,0
INSP-000054,OP-000054,AX-130,MAQ-012,LOT-0006,2025-03-20,sem_defeito,36,36,0
INSP-000055,OP-000055,AX-130,MAQ-012,LOT-0005,2025-03-27,falha_vedacao,43,42,1
INSP-000056,OP-000056,AX-130,MAQ-012,LOT-0006,2025-04-03,falha_vedacao,44,43,1
INSP-000057,OP-000057,BZ-200,MAQ-021,LOT-0005,2025-03-13,falha_vedacao,31,30,1
INSP-000058,OP-000058,BZ-200,MAQ-021,LOT-0006,2025-03-20,sem_defeito,33,33,0
INSP-000059,OP-000059,BZ-200,MAQ-021,LOT-0006,2025-03-27,sem_defeito,26,26,0
INSP-000060,OP-000060,BZ-200,MAQ-021,LOT-0005,2025-04-03,sem_defeito,34,34,0
INSP-000061,OP-000061,AX-100,MAQ-021,LOT-0008,2025-04-13,falha_vedacao,44,43,1
INSP-000062,OP-000062,AX-100,MAQ-021,LOT-0007,2025-04-20,falha_vedacao,40,39,1
INSP-000063,OP-000063,AX-100,MAQ-021,LOT-0007,2025-04-27,sem_defeito,38,38,0
INSP-000064,OP-000064,AX-100,MAQ-021,LOT-0007,2025-05-04,sem_defeito,33,33,0
INSP-000065,OP-000065,AX-110,MAQ-021,LOT-0008,2025-04-13,falha_vedacao,38,37,1
INSP-000066,OP-000066,AX-110,MAQ-021,LOT-0007,2025-04-20,falha_vedacao,40,39,1
INSP-000067,OP-000067,AX-110,MAQ-021,LOT-0007,2025-04-27,falha_vedacao,36,35,1
INSP-000068,OP-000068,AX-110,MAQ-021,LOT-0008,2025-05-04,sem_defeito,36,36,0
INSP-000069,OP-000069,AX-120,MAQ-012,LOT-0007,2025-04-13,falha_vedacao,41,40,1
INSP-000070,OP-000070,AX-120,MAQ-012,LOT-0008,2025-04-20,falha_vedacao,42,41,1
INSP-000071,OP-000071,AX-120,MAQ-012,LOT-0008,2025-04-27,sem_defeito,45,45,0
INSP-000072,OP-000072,AX-120,MAQ-012,LOT-0007,2025-05-04,sem_defeito,40,40,0
INSP-000073,OP-000073,AX-130,MAQ-012,LOT-0007,2025-04-13,sem_defeito,36,36,0
INSP-000074,OP-000074,AX-130,MAQ-012,LOT-0007,2025-04-20,falha_vedacao,43,42,1
INSP-000075,OP-000075,AX-130,MAQ-012,LOT-0008,2025-04-27,sem_defeito,35,35,0
INSP-000076,OP-000076,AX-130,MAQ-012,LOT-0008,2025-05-04,sem_defeito,43,43,0
INSP-000077,OP-000077,BZ-200,MAQ-021,LOT-0008,2025-04-13,sem_defeito,25,25,0
INSP-000078,OP-000078,BZ-200,MAQ-021,LOT-0008,2025-04-20,sem_defeito,30,30,0
INSP-000079,OP-000079,BZ-200,MAQ-021,LOT-0008,2025-04-27,sem_defeito,26,26,0
INSP-000080,OP-000080,BZ-200,MAQ-021,LOT-0008,2025-05-04,sem_defeito,34,34,0
INSP-000081,OP-000081,AX-100,MAQ-021,LOT-0009,2025-05-13,falha_vedacao,38,37,1
INSP-000082,OP-000082,AX-100,MAQ-021,LOT-0010,2025-05-20,falha_vedacao,40,39,1
INSP-000083,OP-000083,AX-100,MAQ-021,LOT-0010,2025-05-27,falha_vedacao,34,33,1
INSP-000084,OP-000084,AX-100,MAQ-021,LOT-0009,2025-06-03,sem_defeito,36,36,0
INSP-000085,OP-000085,AX-110,MAQ-021,LOT-0009,2025-05-13,sem_defeito,40,40,0
INSP-000086,OP-000086,AX-110,MAQ-021,LOT-0010,2025-05-20,sem_defeito,40,40,0
INSP-000087,OP-000087,AX-110,MAQ-021,LOT-0009,2025-05-27,sem_defeito,34,34,0
INSP-000088,OP-000088,AX-110,MAQ-021,LOT-0009,2025-06-03,sem_defeito,41,41,0
INSP-000089,OP-000089,AX-120,MAQ-012,LOT-0010,2025-05-13,sem_defeito,36,36,0
INSP-000090,OP-000090,AX-120,MAQ-012,LOT-0009,2025-05-20,sem_defeito,37,37,0
INSP-000091,OP-000091,AX-120,MAQ-012,LOT-0010,2025-05-27,sem_defeito,35,35,0
INSP-000092,OP-000092,AX-120,MAQ-012,LOT-0010,2025-06-03,sem_defeito,31,31,0
INSP-000093,OP-000093,AX-130,MAQ-012,LOT-0010,2025-05-13,sem_defeito,40,40,0
INSP-000094,OP-000094,AX-130,MAQ-012,LOT-0009,2025-05-20,sem_defeito,38,38,0
INSP-000095,OP-000095,AX-130,MAQ-012,LOT-0009,2025-05-27,falha_vedacao,36,35,1
INSP-000096,OP-000096,AX-130,MAQ-012,LOT-0009,2025-06-03,falha_vedacao,31,30,1
INSP-000097,OP-000097,BZ-200,MAQ-021,LOT-0010,2025-05-13,sem_defeito,24,24,0
INSP-000098,OP-000098,BZ-200,MAQ-021,LOT-0009,2025-05-20,sem_defeito,32,32,0
INSP-000099,OP-000099,BZ-200,MAQ-021,LOT-0009,2025-05-27,sem_defeito,28,28,0
INSP-000100,OP-000100,BZ-200,MAQ-021,LOT-0009,2025-06-03,sem_defeito,32,32,0
INSP-000101,OP-000101,AX-100,MAQ-021,LOT-0011,2025-06-13,sem_defeito,39,39,0
INSP-000102,OP-000102,AX-100,MAQ-021,LOT-0011,2025-06-20,sem_defeito,31,31,0
INSP-000103,OP-000103,AX-100,MAQ-021,LOT-0011,2025-06-27,sem_defeito,34,34,0
INSP-000104,OP-000104,AX-100,MAQ-021,LOT-0012,2025-07-04,falha_vedacao,38,37,1
INSP-000105,OP-000105,AX-110,MAQ-021,LOT-0011,2025-06-13,sem_defeito,38,38,0
INSP-000106,OP-000106,AX-110,MAQ-021,LOT-0012,2025-06-20,sem_defeito,42,42,0
INSP-000107,OP-000107,AX-110,MAQ-021,LOT-0011,2025-06-27,falha_vedacao,32,31,1
INSP-000108,OP-000108,AX-110,MAQ-021,LOT-0012,2025-07-04,sem_defeito,42,42,0
INSP-000109,OP-000109,AX-120,MAQ-012,LOT-0012,2025-06-13,falha_vedacao,32,31,1
INSP-000110,OP-000110,AX-120,MAQ-012,LOT-0011,2025-06-20,sem_defeito,36,36,0
INSP-000111,OP-000111,AX-120,MAQ-012,LOT-0011,2025-06-27,sem_defeito,33,33,0
INSP-000112,OP-000112,AX-120,MAQ-012,LOT-0011,2025-07-04,sem_defeito,33,33,0
INSP-000113,OP-000113,AX-130,MAQ-012,LOT-0011,2025-06-13,sem_defeito,31,31,0
INSP-000114,OP-000114,AX-130,MAQ-012,LOT-0011,2025-06-20,sem_defeito,35,35,0
INSP-000115,OP-000115,AX-130,MAQ-012,LOT-0011,2025-06-27,sem_defeito,36,36,0
INSP-000116,OP-000116,AX-130,MAQ-012,LOT-0012,2025-07-04,sem_defeito,38,38,0
INSP-000117,OP-000117,BZ-200,MAQ-021,LOT-0011,2025-06-13,sem_defeito,25,25,0
INSP-000118,OP-000118,BZ-200,MAQ-021,LOT-0012,2025-06-20,falha_vedacao,32,31,1
INSP-000119,OP-000119,BZ-200,MAQ-021,LOT-0011,2025-06-27,falha_vedacao,30,29,1
INSP-000120,OP-000120,BZ-200,MAQ-021,LOT-0012,2025-07-04,sem_defeito,29,29,0
INSP-000121,OP-000121,AX-100,MAQ-021,LOT-0014,2025-07-13,sem_defeito,37,37,0
INSP-000122,OP-000122,AX-100,MAQ-021,LOT-0014,2025-07-20,falha_vedacao,38,37,1
INSP-000123,OP-000123,AX-100,MAQ-021,LOT-0013,2025-07-27,sem_defeito,37,37,0
INSP-000124,OP-000124,AX-100,MAQ-021,LOT-0014,2025-08-03,sem_defeito,30,30,0
INSP-000125,OP-000125,AX-110,MAQ-021,LOT-0013,2025-07-13,sem_defeito,34,34,0
INSP-000126,OP-000126,AX-110,MAQ-021,LOT-0013,2025-07-20,sem_defeito,34,34,0
INSP-000127,OP-000127,AX-110,MAQ-021,LOT-0013,2025-07-27,sem_defeito,36,36,0
INSP-000128,OP-000128,AX-110,MAQ-021,LOT-0013,2025-08-03,sem_defeito,36,36,0
INSP-000129,OP-000129,AX-120,MAQ-012,LOT-0014,2025-07-13,falha_vedacao,33,32,1
INSP-000130,OP-000130,AX-120,MAQ-012,LOT-0014,2025-07-20,sem_defeito,38,38,0
INSP-000131,OP-000131,AX-120,MAQ-012,LOT-0014,2025-07-27,falha_vedacao,31,30,1
INSP-000132,OP-000132,AX-120,MAQ-012,LOT-0013,2025-08-03,sem_defeito,32,32,0
INSP-000133,OP-000133,AX-130,MAQ-012,LOT-0013,2025-07-13,sem_defeito,37,37,0
INSP-000134,OP-000134,AX-130,MAQ-012,LOT-0014,2025-07-20,sem_defeito,34,34,0
INSP-000135,OP-000135,AX-130,MAQ-012,LOT-0014,2025-07-27,falha_vedacao,36,35,1
INSP-000136,OP-000136,AX-130,MAQ-012,LOT-0013,2025-08-03,sem_defeito,34,34,0
INSP-000137,OP-000137,BZ-200,MAQ-021,LOT-0014,2025-07-13,sem_defeito,24,24,0
INSP-000138,OP-000138,BZ-200,MAQ-021,LOT-0013,2025-07-20,sem_defeito,27,27,0
INSP-000139,OP-000139,BZ-200,MAQ-021,LOT-0013,2025-07-27,sem_defeito,27,27,0
INSP-000140,OP-000140,BZ-200,MAQ-021,LOT-0014,2025-08-03,sem_defeito,24,24,0
INSP-000141,OP-000141,AX-100,MAQ-021,LOT-0016,2025-08-13,falha_vedacao,39,38,1
INSP-000142,OP-000142,AX-100,MAQ-021,LOT-0015,2025-08-20,falha_vedacao,38,37,1
INSP-000143,OP-000143,AX-100,MAQ-021,LOT-0016,2025-08-27,sem_defeito,36,36,0
INSP-000144,OP-000144,AX-100,MAQ-021,LOT-0016,2025-09-03,falha_vedacao,39,38,1
INSP-000145,OP-000145,AX-110,MAQ-021,LOT-0016,2025-08-13,falha_vedacao,35,34,1
INSP-000146,OP-000146,AX-110,MAQ-021,LOT-0016,2025-08-20,sem_defeito,31,31,0
INSP-000147,OP-000147,AX-110,MAQ-021,LOT-0016,2025-08-27,sem_defeito,34,34,0
INSP-000148,OP-000148,AX-110,MAQ-021,LOT-0016,2025-09-03,falha_vedacao,36,35,1
INSP-000149,OP-000149,AX-120,MAQ-012,LOT-0015,2025-08-13,sem_defeito,30,30,0
INSP-000150,OP-000150,AX-120,MAQ-012,LOT-0016,2025-08-20,sem_defeito,28,28,0
INSP-000151,OP-000151,AX-120,MAQ-012,LOT-0015,2025-08-27,sem_defeito,29,29,0
INSP-000152,OP-000152,AX-120,MAQ-012,LOT-0015,2025-09-03,sem_defeito,34,34,0
INSP-000153,OP-000153,AX-130,MAQ-012,LOT-0016,2025-08-13,sem_defeito,38,38,0
INSP-000154,OP-000154,AX-130,MAQ-012,LOT-0016,2025-08-20,sem_defeito,36,36,0
INSP-000155,OP-000155,AX-130,MAQ-012,LOT-0016,2025-08-27,falha_vedacao,36,35,1
INSP-000156,OP-000156,AX-130,MAQ-012,LOT-0015,2025-09-03,sem_defeito,35,35,0
INSP-000157,OP-000157,BZ-200,MAQ-021,LOT-0016,2025-08-13,sem_defeito,24,24,0
INSP-000158,OP-000158,BZ-200,MAQ-021,LOT-0015,2025-08-20,sem_defeito,23,23,0
INSP-000159,OP-000159,BZ-200,MAQ-021,LOT-0015,2025-08-27,sem_defeito,29,29,0
INSP-000160,OP-000160,BZ-200,MAQ-021,LOT-0015,2025-09-03,sem_defeito,22,22,0
INSP-000161,OP-000161,AX-100,MAQ-021,LOT-0017,2025-09-13,falha_vedacao,32,31,1
INSP-000162,OP-000162,AX-100,MAQ-021,LOT-0018,2025-09-20,sem_defeito,36,36,0
INSP-000163,OP-000163,AX-100,MAQ-021,LOT-0018,2025-09-27,sem_defeito,35,35,0
INSP-000164,OP-000164,AX-100,MAQ-021,LOT-0017,2025-10-04,sem_defeito,37,37,0
INSP-000165,OP-000165,AX-110,MAQ-021,LOT-0017,2025-09-13,sem_defeito,38,38,0
INSP-000166,OP-000166,AX-110,MAQ-021,LOT-0018,2025-09-20,falha_vedacao,38,37,1
INSP-000167,OP-000167,AX-110,MAQ-021,LOT-0017,2025-09-27,sem_defeito,29,29,0
INSP-000168,OP-000168,AX-110,MAQ-021,LOT-0018,2025-10-04,falha_vedacao,39,38,1
INSP-000169,OP-000169,AX-120,MAQ-012,LOT-0017,2025-09-13,sem_defeito,35,35,0
INSP-000170,OP-000170,AX-120,MAQ-012,LOT-0017,2025-09-20,sem_defeito,30,30,0
INSP-000171,OP-000171,AX-120,MAQ-012,LOT-0017,2025-09-27,sem_defeito,30,30,0
INSP-000172,OP-000172,AX-120,MAQ-012,LOT-0017,2025-10-04,sem_defeito,28,28,0
INSP-000173,OP-000173,AX-130,MAQ-012,LOT-0017,2025-09-13,falha_vedacao,39,38,1
INSP-000174,OP-000174,AX-130,MAQ-012,LOT-0018,2025-09-20,sem_defeito,35,35,0
INSP-000175,OP-000175,AX-130,MAQ-012,LOT-0017,2025-09-27,sem_defeito,29,29,0
INSP-000176,OP-000176,AX-130,MAQ-012,LOT-0017,2025-10-04,sem_defeito,31,31,0
INSP-000177,OP-000177,BZ-200,MAQ-021,LOT-0017,2025-09-13,sem_defeito,23,23,0
INSP-000178,OP-000178,BZ-200,MAQ-021,LOT-0018,2025-09-20,sem_defeito,28,28,0
INSP-000179,OP-000179,BZ-200,MAQ-021,LOT-0018,2025-09-27,sem_defeito,29,29,0
INSP-000180,OP-000180,BZ-200,MAQ-021,LOT-0018,2025-10-04,sem_defeito,29,29,0
INSP-000181,OP-000181,AX-100,MAQ-021,LOT-0019,2025-10-13,sem_defeito,35,35,0
INSP-000182,OP-000182,AX-100,MAQ-021,LOT-0020,2025-10-20,falha_vedacao,39,38,1
INSP-000183,OP-000183,AX-100,MAQ-021,LOT-0020,2025-10-27,sem_defeito,40,40,0
INSP-000184,OP-000184,AX-100,MAQ-021,LOT-0020,2025-11-03,sem_defeito,34,34,0
INSP-000185,OP-000185,AX-110,MAQ-021,LOT-0020,2025-10-13,sem_defeito,30,30,0
INSP-000186,OP-000186,AX-110,MAQ-021,LOT-0020,2025-10-20,sem_defeito,33,33,0
INSP-000187,OP-000187,AX-110,MAQ-021,LOT-0019,2025-10-27,sem_defeito,34,34,0
INSP-000188,OP-000188,AX-110,MAQ-021,LOT-0019,2025-11-03,sem_defeito,34,34,0
INSP-000189,OP-000189,AX-120,MAQ-012,LOT-0020,2025-10-13,falha_vedacao,36,35,1
INSP-000190,OP-000190,AX-120,MAQ-012,LOT-0020,2025-10-20,sem_defeito,34,34,0
INSP-000191,OP-000191,AX-120,MAQ-012,LOT-0020,2025-10-27,sem_defeito,32,32,0
INSP-000192,OP-000192,AX-120,MAQ-012,LOT-0020,2025-11-03,falha_vedacao,37,36,1
INSP-000193,OP-000193,AX-130,MAQ-012,LOT-0019,2025-10-13,sem_defeito,30,30,0
INSP-000194,OP-000194,AX-130,MAQ-012,LOT-0020,2025-10-20,sem_defeito,33,33,0
INSP-000195,OP-000195,AX-130,MAQ-012,LOT-0019,2025-10-27,sem_defeito,32,32,0
INSP-000196,OP-000196,AX-130,MAQ-012,LOT-0019,2025-11-03,sem_defeito,36,36,0
INSP-000197,OP-000197,BZ-200,MAQ-021,LOT-0020,2025-10-13,sem_defeito,25,25,0
INSP-000198,OP-000198,BZ-200,MAQ-021,LOT-0019,2025-10-20,sem_defeito,30,30,0
INSP-000199,OP-000199,BZ-200,MAQ-021,LOT-0020,2025-10-27,sem_defeito,29,29,0
INSP-000200,OP-000200,BZ-200,MAQ-021,LOT-0019,2025-11-03,sem_defeito,25,25,0
INSP-000201,OP-000201,AX-100,MAQ-021,LOT-0021,2025-11-13,falha_vedacao,37,36,1
INSP-000202,OP-000202,AX-100,MAQ-021,LOT-0022,2025-11-20,sem_defeito,31,31,0
INSP-000203,OP-000203,AX-100,MAQ-021,LOT-0021,2025-11-27,sem_defeito,31,31,0
INSP-000204,OP-000204,AX-100,MAQ-021,LOT-0021,2025-12-04,sem_defeito,29,29,0
INSP-000205,OP-000205,AX-110,MAQ-021,LOT-0021,2025-11-13,falha_vedacao,39,38,1
INSP-000206,OP-000206,AX-110,MAQ-021,LOT-0022,2025-11-20,sem_defeito,34,34,0
INSP-000207,OP-000207,AX-110,MAQ-021,LOT-0022,2025-11-27,sem_defeito,36,36,0
INSP-000208,OP-000208,AX-110,MAQ-021,LOT-0021,2025-12-04,sem_defeito,40,40,0
INSP-000209,OP-000209,AX-120,MAQ-012,LOT-0022,2025-11-13,falha_vedacao,38,37,1
INSP-000210,OP-000210,AX-120,MAQ-012,LOT-0021,2025-11-20,sem_defeito,35,35,0
INSP-000211,OP-000211,AX-120,MAQ-012,LOT-0021,2025-11-27,sem_defeito,33,33,0
INSP-000212,OP-000212,AX-120,MAQ-012,LOT-0022,2025-12-04,falha_vedacao,38,37,1
INSP-000213,OP-000213,AX-130,MAQ-012,LOT-0021,2025-11-13,falha_vedacao,38,37,1
INSP-000214,OP-000214,AX-130,MAQ-012,LOT-0022,2025-11-20,falha_vedacao,34,33,1
INSP-000215,OP-000215,AX-130,MAQ-012,LOT-0021,2025-11-27,sem_defeito,38,38,0
INSP-000216,OP-000216,AX-130,MAQ-012,LOT-0021,2025-12-04,falha_vedacao,39,38,1
INSP-000217,OP-000217,BZ-200,MAQ-021,LOT-0022,2025-11-13,sem_defeito,27,27,0
INSP-000218,OP-000218,BZ-200,MAQ-021,LOT-0022,2025-11-20,falha_vedacao,31,30,1
INSP-000219,OP-000219,BZ-200,MAQ-021,LOT-0021,2025-11-27,sem_defeito,25,25,0
INSP-000220,OP-000220,BZ-200,MAQ-021,LOT-0022,2025-12-04,sem_defeito,25,25,0
INSP-000221,OP-000221,AX-100,MAQ-021,LOT-0024,2025-12-13,falha_vedacao,34,33,1
INSP-000222,OP-000222,AX-100,MAQ-021,LOT-0024,2025-12-20,falha_vedacao,41,40,1
INSP-000223,OP-000223,AX-100,MAQ-021,LOT-0023,2025-12-27,falha_vedacao,38,37,1
INSP-000224,OP-000224,AX-100,MAQ-021,LOT-0023,2026-01-03,falha_vedacao,40,39,1
INSP-000225,OP-000225,AX-110,MAQ-021,LOT-0024,2025-12-13,falha_vedacao,38,37,1
INSP-000226,OP-000226,AX-110,MAQ-021,LOT-0024,2025-12-20,sem_defeito,35,35,0
INSP-000227,OP-000227,AX-110,MAQ-021,LOT-0023,2025-12-27,sem_defeito,38,38,0
INSP-000228,OP-000228,AX-110,MAQ-021,LOT-0023,2026-01-03,falha_vedacao,42,41,1
INSP-000229,OP-000229,AX-120,MAQ-012,LOT-0024,2025-12-13,falha_vedacao,31,30,1
INSP-000230,OP-000230,AX-120,MAQ-012,LOT-0023,2025-12-20,falha_vedacao,34,33,1
INSP-000231,OP-000231,AX-120,MAQ-012,LOT-0023,2025-12-27,sem_defeito,32,32,0
INSP-000232,OP-000232,AX-120,MAQ-012,LOT-0023,2026-01-03,falha_vedacao,39,38,1
INSP-000233,OP-000233,AX-130,MAQ-012,LOT-0024,2025-12-13,falha_vedacao,40,39,1
INSP-000234,OP-000234,AX-130,MAQ-012,LOT-0023,2025-12-20,sem_defeito,35,35,0
INSP-000235,OP-000235,AX-130,MAQ-012,LOT-0023,2025-12-27,sem_defeito,36,36,0
INSP-000236,OP-000236,AX-130,MAQ-012,LOT-0023,2026-01-03,falha_vedacao,39,38,1
INSP-000237,OP-000237,BZ-200,MAQ-021,LOT-0024,2025-12-13,sem_defeito,27,27,0
INSP-000238,OP-000238,BZ-200,MAQ-021,LOT-0024,2025-12-20,sem_defeito,32,32,0
INSP-000239,OP-000239,BZ-200,MAQ-021,LOT-0023,2025-12-27,sem_defeito,28,28,0
INSP-000240,OP-000240,BZ-200,MAQ-021,LOT-0024,2026-01-03,falha_vedacao,33,32,1
INSP-000241,OP-000241,AX-100,MAQ-021,LOT-0026,2026-01-13,sem_defeito,43,43,0
INSP-000242,OP-000242,AX-100,MAQ-021,LOT-0025,2026-01-20,falha_vedacao,44,43,1
INSP-000243,OP-000243,AX-100,MAQ-021,LOT-0026,2026-01-27,sem_defeito,41,41,0
INSP-000244,OP-000244,AX-100,MAQ-021,LOT-0026,2026-02-03,sem_defeito,39,39,0
INSP-000245,OP-000245,AX-110,MAQ-021,LOT-0025,2026-01-13,sem_defeito,40,40,0
INSP-000246,OP-000246,AX-110,MAQ-021,LOT-0026,2026-01-20,falha_vedacao,40,39,1
INSP-000247,OP-000247,AX-110,MAQ-021,LOT-0025,2026-01-27,falha_vedacao,36,35,1
INSP-000248,OP-000248,AX-110,MAQ-021,LOT-0026,2026-02-03,sem_defeito,42,42,0
INSP-000249,OP-000249,AX-120,MAQ-012,LOT-0026,2026-01-13,falha_vedacao,39,38,1
INSP-000250,OP-000250,AX-120,MAQ-012,LOT-0025,2026-01-20,sem_defeito,35,35,0
INSP-000251,OP-000251,AX-120,MAQ-012,LOT-0025,2026-01-27,sem_defeito,44,44,0
INSP-000252,OP-000252,AX-120,MAQ-012,LOT-0026,2026-02-03,sem_defeito,44,44,0
INSP-000253,OP-000253,AX-130,MAQ-012,LOT-0025,2026-01-13,falha_vedacao,39,38,1
INSP-000254,OP-000254,AX-130,MAQ-012,LOT-0025,2026-01-20,falha_vedacao,45,44,1
INSP-000255,OP-000255,AX-130,MAQ-012,LOT-0025,2026-01-27,falha_vedacao,48,47,1
INSP-000256,OP-000256,AX-130,MAQ-012,LOT-0026,2026-02-03,falha_vedacao,41,40,1
INSP-000257,OP-000257,BZ-200,MAQ-021,LOT-0026,2026-01-13,sem_defeito,26,26,0
INSP-000258,OP-000258,BZ-200,MAQ-021,LOT-0025,2026-01-20,sem_defeito,22,22,0
INSP-000259,OP-000259,BZ-200,MAQ-021,LOT-0025,2026-01-27,sem_defeito,24,24,0
INSP-000260,OP-000260,BZ-200,MAQ-021,LOT-0025,2026-02-03,sem_defeito,28,28,0
INSP-000261,OP-000261,AX-100,MAQ-021,LOT-0027,2026-02-13,falha_vedacao,37,36,1
INSP-000262,OP-000262,AX-100,MAQ-021,LOT-0027,2026-02-20,falha_vedacao,44,43,1
INSP-000263,OP-000263,AX-100,MAQ-021,LOT-0028,2026-02-27,falha_vedacao,47,46,1
INSP-000264,OP-000264,AX-100,MAQ-021,LOT-0028,2026-03-06,sem_defeito,44,44,0
INSP-000265,OP-000265,AX-110,MAQ-021,LOT-0028,2026-02-13,sem_defeito,40,40,0
INSP-000266,OP-000266,AX-110,MAQ-021,LOT-0027,2026-02-20,falha_vedacao,43,42,1
INSP-000267,OP-000267,AX-110,MAQ-021,LOT-0028,2026-02-27,falha_vedacao,38,37,1
INSP-000268,OP-000268,AX-110,MAQ-021,LOT-0027,2026-03-06,sem_defeito,44,44,0
INSP-000269,OP-000269,AX-120,MAQ-012,LOT-0028,2026-02-13,falha_vedacao,45,44,1
INSP-000270,OP-000270,AX-120,MAQ-012,LOT-0027,2026-02-20,falha_vedacao,48,47,1
INSP-000271,OP-000271,AX-120,MAQ-012,LOT-0027,2026-02-27,falha_vedacao,46,45,1
INSP-000272,OP-000272,AX-120,MAQ-012,LOT-0028,2026-03-06,falha_vedacao,45,44,1
INSP-000273,OP-000273,AX-130,MAQ-012,LOT-0028,2026-02-13,falha_vedacao,40,39,1
INSP-000274,OP-000274,AX-130,MAQ-012,LOT-0027,2026-02-20,falha_vedacao,41,40,1
INSP-000275,OP-000275,AX-130,MAQ-012,LOT-0027,2026-02-27,falha_vedacao,41,40,1
INSP-000276,OP-000276,AX-130,MAQ-012,LOT-0028,2026-03-06,falha_vedacao,35,34,1
INSP-000277,OP-000277,BZ-200,MAQ-021,LOT-0028,2026-02-13,sem_defeito,29,29,0
INSP-000278,OP-000278,BZ-200,MAQ-021,LOT-0028,2026-02-20,sem_defeito,27,27,0
INSP-000279,OP-000279,BZ-200,MAQ-021,LOT-0028,2026-02-27,sem_defeito,29,29,0
INSP-000280,OP-000280,BZ-200,MAQ-021,LOT-0028,2026-03-06,sem_defeito,29,29,0
INSP-000281,OP-000281,AX-100,MAQ-021,LOT-0029,2026-03-13,falha_vedacao,47,46,1
INSP-000282,OP-000282,AX-100,MAQ-021,LOT-0029,2026-03-20,falha_vedacao,40,39,1
INSP-000283,OP-000283,AX-100,MAQ-021,LOT-0030,2026-03-27,sem_defeito,42,42,0
INSP-000284,OP-000284,AX-100,MAQ-021,LOT-0030,2026-04-03,falha_vedacao,37,36,1
INSP-000285,OP-000285,AX-110,MAQ-021,LOT-0030,2026-03-13,sem_defeito,43,43,0
INSP-000286,OP-000286,AX-110,MAQ-021,LOT-0029,2026-03-20,falha_vedacao,45,44,1
INSP-000287,OP-000287,AX-110,MAQ-021,LOT-0029,2026-03-27,falha_vedacao,43,42,1
INSP-000288,OP-000288,AX-110,MAQ-021,LOT-0029,2026-04-03,falha_vedacao,35,34,1
INSP-000289,OP-000289,AX-120,MAQ-012,LOT-0029,2026-03-13,sem_defeito,40,40,0
INSP-000290,OP-000290,AX-120,MAQ-012,LOT-0030,2026-03-20,falha_vedacao,43,42,1
INSP-000291,OP-000291,AX-120,MAQ-012,LOT-0030,2026-03-27,sem_defeito,37,37,0
INSP-000292,OP-000292,AX-120,MAQ-012,LOT-0030,2026-04-03,sem_defeito,41,41,0
INSP-000293,OP-000293,AX-130,MAQ-012,LOT-0030,2026-03-13,falha_vedacao,42,41,1
INSP-000294,OP-000294,AX-130,MAQ-012,LOT-0029,2026-03-20,sem_defeito,44,44,0
INSP-000295,OP-000295,AX-130,MAQ-012,LOT-0029,2026-03-27,falha_vedacao,47,46,1
INSP-000296,OP-000296,AX-130,MAQ-012,LOT-0030,2026-04-03,falha_vedacao,41,40,1
INSP-000297,OP-000297,BZ-200,MAQ-021,LOT-0029,2026-03-13,falha_vedacao,34,33,1
INSP-000298,OP-000298,BZ-200,MAQ-021,LOT-0030,2026-03-20,sem_defeito,30,30,0
INSP-000299,OP-000299,BZ-200,MAQ-021,LOT-0030,2026-03-27,falha_vedacao,36,35,1
INSP-000300,OP-000300,BZ-200,MAQ-021,LOT-0029,2026-04-03,sem_defeito,30,30,0
INSP-000301,OP-000301,AX-100,MAQ-021,LOT-0031,2026-04-13,falha_vedacao,41,40,1
INSP-000302,OP-000302,AX-100,MAQ-021,LOT-0032,2026-04-20,falha_vedacao,36,35,1
INSP-000303,OP-000303,AX-100,MAQ-021,LOT-0032,2026-04-27,sem_defeito,37,37,0
INSP-000304,OP-000304,AX-100,MAQ-021,LOT-0032,2026-05-04,falha_vedacao,40,39,1
INSP-000305,OP-000305,AX-110,MAQ-021,LOT-0031,2026-04-13,falha_vedacao,42,41,1
INSP-000306,OP-000306,AX-110,MAQ-021,LOT-0031,2026-04-20,falha_vedacao,46,45,1
INSP-000307,OP-000307,AX-110,MAQ-021,LOT-0031,2026-04-27,falha_vedacao,41,40,1
INSP-000308,OP-000308,AX-110,MAQ-021,LOT-0031,2026-05-04,falha_vedacao,40,39,1
INSP-000309,OP-000309,AX-120,MAQ-012,LOT-0032,2026-04-13,sem_defeito,38,38,0
INSP-000310,OP-000310,AX-120,MAQ-012,LOT-0032,2026-04-20,falha_vedacao,41,40,1
INSP-000311,OP-000311,AX-120,MAQ-012,LOT-0031,2026-04-27,falha_vedacao,37,36,1
INSP-000312,OP-000312,AX-120,MAQ-012,LOT-0031,2026-05-04,sem_defeito,38,38,0
INSP-000313,OP-000313,AX-130,MAQ-012,LOT-0031,2026-04-13,falha_vedacao,40,39,1
INSP-000314,OP-000314,AX-130,MAQ-012,LOT-0031,2026-04-20,falha_vedacao,42,41,1
INSP-000315,OP-000315,AX-130,MAQ-012,LOT-0032,2026-04-27,falha_vedacao,45,44,1
INSP-000316,OP-000316,AX-130,MAQ-012,LOT-0032,2026-05-04,falha_vedacao,43,42,1
INSP-000317,OP-000317,BZ-200,MAQ-021,LOT-0032,2026-04-13,sem_defeito,30,30,0
INSP-000318,OP-000318,BZ-200,MAQ-021,LOT-0031,2026-04-20,sem_defeito,33,33,0
INSP-000319,OP-000319,BZ-200,MAQ-021,LOT-0032,2026-04-27,sem_defeito,31,31,0
INSP-000320,OP-000320,BZ-200,MAQ-021,LOT-0031,2026-05-04,sem_defeito,33,33,0
INSP-000321,OP-000321,AX-100,MAQ-021,LOT-0033,2026-05-13,sem_defeito,35,35,0
INSP-000322,OP-000322,AX-100,MAQ-021,LOT-0034,2026-05-20,falha_vedacao,40,39,1
INSP-000323,OP-000323,AX-100,MAQ-021,LOT-0033,2026-05-27,sem_defeito,39,39,0
INSP-000324,OP-000324,AX-100,MAQ-021,LOT-0034,2026-06-03,sem_defeito,35,35,0
INSP-000325,OP-000325,AX-110,MAQ-021,LOT-0033,2026-05-13,falha_vedacao,39,38,1
INSP-000326,OP-000326,AX-110,MAQ-021,LOT-0033,2026-05-20,sem_defeito,41,41,0
INSP-000327,OP-000327,AX-110,MAQ-021,LOT-0033,2026-05-27,falha_vedacao,34,33,1
INSP-000328,OP-000328,AX-110,MAQ-021,LOT-0034,2026-06-03,falha_vedacao,44,43,1
INSP-000329,OP-000329,AX-120,MAQ-012,LOT-0034,2026-05-13,sem_defeito,35,35,0
INSP-000330,OP-000330,AX-120,MAQ-012,LOT-0034,2026-05-20,falha_vedacao,37,36,1
INSP-000331,OP-000331,AX-120,MAQ-012,LOT-0033,2026-05-27,sem_defeito,39,39,0
INSP-000332,OP-000332,AX-120,MAQ-012,LOT-0034,2026-06-03,sem_defeito,44,44,0
INSP-000333,OP-000333,AX-130,MAQ-012,LOT-0033,2026-05-13,falha_vedacao,43,42,1
INSP-000334,OP-000334,AX-130,MAQ-012,LOT-0033,2026-05-20,sem_defeito,41,41,0
INSP-000335,OP-000335,AX-130,MAQ-012,LOT-0034,2026-05-27,falha_vedacao,36,35,1
INSP-000336,OP-000336,AX-130,MAQ-012,LOT-0033,2026-06-03,falha_vedacao,36,35,1
INSP-000337,OP-000337,BZ-200,MAQ-021,LOT-0033,2026-05-13,sem_defeito,34,34,0
INSP-000338,OP-000338,BZ-200,MAQ-021,LOT-0034,2026-05-20,sem_defeito,30,30,0
INSP-000339,OP-000339,BZ-200,MAQ-021,LOT-0034,2026-05-27,falha_vedacao,34,33,1
INSP-000340,OP-000340,BZ-200,MAQ-021,LOT-0033,2026-06-03,falha_vedacao,33,32,1
INSP-000341,OP-000341,AX-100,MAQ-021,LOT-0038,2026-06-13,sem_defeito,34,34,0
INSP-000342,OP-000342,AX-100,MAQ-021,LOT-0035,2026-06-20,sem_defeito,34,34,0
INSP-000343,OP-000343,AX-100,MAQ-021,LOT-0035,2026-06-27,sem_defeito,35,35,0
INSP-000344,OP-000344,AX-100,MAQ-021,LOT-0036,2026-07-04,falha_vedacao,41,40,1
INSP-000345,OP-000345,AX-110,MAQ-021,LOT-0037,2026-06-13,falha_vedacao,45,44,1
INSP-000346,OP-000346,AX-110,MAQ-021,LOT-0037,2026-06-20,falha_vedacao,42,41,1
INSP-000347,OP-000347,AX-110,MAQ-021,LOT-0037,2026-06-27,sem_defeito,43,43,0
INSP-000348,OP-000348,AX-110,MAQ-021,LOT-0035,2026-07-04,sem_defeito,40,40,0
INSP-000349,OP-000349,AX-120,MAQ-012,LOT-0037,2026-06-13,falha_vedacao,44,43,1
INSP-000350,OP-000350,AX-120,MAQ-012,LOT-0036,2026-06-20,falha_vedacao,45,44,1
INSP-000351,OP-000351,AX-120,MAQ-012,LOT-0038,2026-06-27,falha_vedacao,43,42,1
INSP-000352,OP-000352,AX-120,MAQ-012,LOT-0038,2026-07-04,sem_defeito,40,40,0
INSP-000353,OP-000353,AX-130,MAQ-012,LOT-0036,2026-06-13,sem_defeito,33,33,0
INSP-000354,OP-000354,AX-130,MAQ-012,LOT-0038,2026-06-20,sem_defeito,38,38,0
INSP-000355,OP-000355,AX-130,MAQ-012,LOT-0038,2026-06-27,falha_vedacao,38,37,1
INSP-000356,OP-000356,AX-130,MAQ-012,LOT-0035,2026-07-04,sem_defeito,34,34,0
INSP-000357,OP-000357,BZ-200,MAQ-021,LOT-0037,2026-06-13,falha_vedacao,35,34,1
INSP-000358,OP-000358,BZ-200,MAQ-021,LOT-0037,2026-06-20,sem_defeito,27,27,0
INSP-000359,OP-000359,BZ-200,MAQ-021,LOT-0036,2026-06-27,sem_defeito,29,29,0
INSP-000360,OP-000360,BZ-200,MAQ-021,LOT-0035,2026-07-04,sem_defeito,29,29,0
INSP-000361,OP-000361,AX-100,MAQ-021,LOT-0039,2026-07-13,sem_defeito,37,37,0
INSP-000362,OP-000362,AX-100,MAQ-021,LOT-0042,2026-07-20,sem_defeito,39,39,0
INSP-000363,OP-000363,AX-100,MAQ-021,LOT-0042,2026-07-27,falha_vedacao,46,45,1
INSP-000364,OP-000364,AX-100,MAQ-021,LOT-0042,2026-08-03,falha_vedacao,38,37,1
INSP-000365,OP-000365,AX-110,MAQ-021,LOT-0041,2026-07-13,falha_vedacao,44,43,1
INSP-000366,OP-000366,AX-110,MAQ-021,LOT-0041,2026-07-20,falha_vedacao,39,38,1
INSP-000367,OP-000367,AX-110,MAQ-021,LOT-0039,2026-07-27,sem_defeito,43,43,0
INSP-000368,OP-000368,AX-110,MAQ-021,LOT-0040,2026-08-03,falha_vedacao,43,42,1
INSP-000369,OP-000369,AX-120,MAQ-012,LOT-0040,2026-07-13,falha_vedacao,43,42,1
INSP-000370,OP-000370,AX-120,MAQ-012,LOT-0040,2026-07-20,falha_vedacao,48,46,2
INSP-000371,OP-000371,AX-120,MAQ-012,LOT-0041,2026-07-27,falha_vedacao,50,49,1
INSP-000372,OP-000372,AX-120,MAQ-012,LOT-0040,2026-08-03,falha_vedacao,45,44,1
INSP-000373,OP-000373,AX-130,MAQ-012,LOT-0041,2026-07-13,falha_vedacao,45,44,1
INSP-000374,OP-000374,AX-130,MAQ-012,LOT-0041,2026-07-20,falha_vedacao,44,43,1
INSP-000375,OP-000375,AX-130,MAQ-012,LOT-0039,2026-07-27,falha_vedacao,41,40,1
INSP-000376,OP-000376,AX-130,MAQ-012,LOT-0042,2026-08-03,falha_vedacao,46,45,1
INSP-000377,OP-000377,BZ-200,MAQ-021,LOT-0039,2026-07-13,sem_defeito,24,24,0
INSP-000378,OP-000378,BZ-200,MAQ-021,LOT-0040,2026-07-20,sem_defeito,30,30,0
INSP-000379,OP-000379,BZ-200,MAQ-021,LOT-0039,2026-07-27,sem_defeito,27,27,0
INSP-000380,OP-000380,BZ-200,MAQ-021,LOT-0041,2026-08-03,sem_defeito,25,25,0
INSP-000381,OP-000381,AX-100,MAQ-021,LOT-0044,2026-08-13,sem_defeito,45,45,0
INSP-000382,OP-000382,AX-100,MAQ-021,LOT-0043,2026-08-20,falha_vedacao,44,42,2
INSP-000383,OP-000383,AX-100,MAQ-021,LOT-0043,2026-08-27,falha_vedacao,36,34,2
INSP-000384,OP-000384,AX-100,MAQ-021,LOT-0043,2026-09-03,falha_vedacao,44,42,2
INSP-000385,OP-000385,AX-110,MAQ-021,LOT-0044,2026-08-13,falha_vedacao,42,41,1
INSP-000386,OP-000386,AX-110,MAQ-021,LOT-0045,2026-08-20,sem_defeito,42,42,0
INSP-000387,OP-000387,AX-110,MAQ-021,LOT-0043,2026-08-27,falha_vedacao,39,37,2
INSP-000388,OP-000388,AX-110,MAQ-021,LOT-0043,2026-09-03,falha_vedacao,42,40,2
INSP-000389,OP-000389,AX-120,MAQ-012,LOT-0043,2026-08-13,falha_vedacao,42,39,3
INSP-000390,OP-000390,AX-120,MAQ-012,LOT-0046,2026-08-20,falha_vedacao,49,48,1
INSP-000391,OP-000391,AX-120,MAQ-012,LOT-0046,2026-08-27,falha_vedacao,43,42,1
INSP-000392,OP-000392,AX-120,MAQ-012,LOT-0044,2026-09-03,falha_vedacao,39,38,1
INSP-000393,OP-000393,AX-130,MAQ-012,LOT-0045,2026-08-13,falha_vedacao,47,46,1
INSP-000394,OP-000394,AX-130,MAQ-012,LOT-0043,2026-08-20,falha_vedacao,43,40,3
INSP-000395,OP-000395,AX-130,MAQ-012,LOT-0046,2026-08-27,falha_vedacao,43,42,1
INSP-000396,OP-000396,AX-130,MAQ-012,LOT-0043,2026-09-03,falha_vedacao,47,44,3
INSP-000397,OP-000397,BZ-200,MAQ-021,LOT-0045,2026-08-13,sem_defeito,32,32,0
INSP-000398,OP-000398,BZ-200,MAQ-021,LOT-0043,2026-08-20,falha_vedacao,29,28,1
INSP-000399,OP-000399,BZ-200,MAQ-021,LOT-0044,2026-08-27,sem_defeito,22,22,0
INSP-000400,OP-000400,BZ-200,MAQ-021,LOT-0043,2026-09-03,falha_vedacao,23,22,1
INSP-000401,OP-000401,AX-100,MAQ-021,LOT-0049,2026-09-13,falha_vedacao,43,42,1
INSP-000402,OP-000402,AX-100,MAQ-021,LOT-0048,2026-09-20,falha_vedacao,45,44,1
INSP-000403,OP-000403,AX-100,MAQ-021,LOT-0047,2026-09-27,sem_defeito,38,38,0
INSP-000404,OP-000404,AX-100,MAQ-021,LOT-0049,2026-10-04,sem_defeito,38,38,0
INSP-000405,OP-000405,AX-110,MAQ-021,LOT-0049,2026-09-13,sem_defeito,39,39,0
INSP-000406,OP-000406,AX-110,MAQ-021,LOT-0050,2026-09-20,sem_defeito,46,46,0
INSP-000407,OP-000407,AX-110,MAQ-021,LOT-0050,2026-09-27,falha_vedacao,45,44,1
INSP-000408,OP-000408,AX-110,MAQ-021,LOT-0049,2026-10-04,sem_defeito,38,38,0
INSP-000409,OP-000409,AX-120,MAQ-012,LOT-0048,2026-09-13,falha_vedacao,40,39,1
INSP-000410,OP-000410,AX-120,MAQ-012,LOT-0049,2026-09-20,falha_vedacao,49,47,2
INSP-000411,OP-000411,AX-120,MAQ-012,LOT-0048,2026-09-27,falha_vedacao,43,42,1
INSP-000412,OP-000412,AX-120,MAQ-012,LOT-0049,2026-10-04,falha_vedacao,43,42,1
INSP-000413,OP-000413,AX-130,MAQ-012,LOT-0047,2026-09-13,falha_vedacao,47,46,1
INSP-000414,OP-000414,AX-130,MAQ-012,LOT-0047,2026-09-20,falha_vedacao,41,40,1
INSP-000415,OP-000415,AX-130,MAQ-012,LOT-0048,2026-09-27,falha_vedacao,38,37,1
INSP-000416,OP-000416,AX-130,MAQ-012,LOT-0048,2026-10-04,falha_vedacao,41,40,1
INSP-000417,OP-000417,BZ-200,MAQ-021,LOT-0050,2026-09-13,sem_defeito,25,25,0
INSP-000418,OP-000418,BZ-200,MAQ-021,LOT-0049,2026-09-20,sem_defeito,24,24,0
INSP-000419,OP-000419,BZ-200,MAQ-021,LOT-0050,2026-09-27,sem_defeito,26,26,0
INSP-000420,OP-000420,BZ-200,MAQ-021,LOT-0050,2026-10-04,sem_defeito,22,22,0
INSP-000421,OP-000421,AX-100,MAQ-021,LOT-0051,2026-10-13,falha_vedacao,39,37,2
INSP-000422,OP-000422,AX-100,MAQ-021,LOT-0054,2026-10-20,falha_vedacao,41,40,1
INSP-000423,OP-000423,AX-100,MAQ-021,LOT-0053,2026-10-27,falha_vedacao,36,34,2
INSP-000424,OP-000424,AX-100,MAQ-021,LOT-0053,2026-11-03,falha_vedacao,37,35,2
INSP-000425,OP-000425,AX-110,MAQ-021,LOT-0052,2026-10-13,falha_vedacao,41,39,2
INSP-000426,OP-000426,AX-110,MAQ-021,LOT-0051,2026-10-20,falha_vedacao,38,36,2
INSP-000427,OP-000427,AX-110,MAQ-021,LOT-0051,2026-10-27,falha_vedacao,37,35,2
INSP-000428,OP-000428,AX-110,MAQ-021,LOT-0054,2026-11-03,sem_defeito,38,38,0
INSP-000429,OP-000429,AX-120,MAQ-012,LOT-0054,2026-10-13,falha_vedacao,38,37,1
INSP-000430,OP-000430,AX-120,MAQ-012,LOT-0052,2026-10-20,falha_vedacao,33,31,2
INSP-000431,OP-000431,AX-120,MAQ-012,LOT-0053,2026-10-27,falha_vedacao,42,39,3
INSP-000432,OP-000432,AX-120,MAQ-012,LOT-0052,2026-11-03,falha_vedacao,32,30,2
INSP-000433,OP-000433,AX-130,MAQ-012,LOT-0051,2026-10-13,falha_vedacao,37,34,3
INSP-000434,OP-000434,AX-130,MAQ-012,LOT-0054,2026-10-20,falha_vedacao,34,33,1
INSP-000435,OP-000435,AX-130,MAQ-012,LOT-0052,2026-10-27,falha_vedacao,38,36,2
INSP-000436,OP-000436,AX-130,MAQ-012,LOT-0053,2026-11-03,falha_vedacao,33,31,2
INSP-000437,OP-000437,BZ-200,MAQ-021,LOT-0054,2026-10-13,sem_defeito,22,22,0
INSP-000438,OP-000438,BZ-200,MAQ-021,LOT-0051,2026-10-20,falha_vedacao,28,27,1
INSP-000439,OP-000439,BZ-200,MAQ-021,LOT-0054,2026-10-27,sem_defeito,24,24,0
INSP-000440,OP-000440,BZ-200,MAQ-021,LOT-0053,2026-11-03,falha_vedacao,25,24,1
INSP-000441,OP-000441,AX-100,MAQ-021,LOT-0056,2026-11-13,falha_vedacao,36,34,2
INSP-000442,OP-000442,AX-100,MAQ-021,LOT-0058,2026-11-20,falha_vedacao,41,40,1
INSP-000443,OP-000443,AX-100,MAQ-021,LOT-0057,2026-11-27,falha_vedacao,39,38,1
INSP-000444,OP-000444,AX-100,MAQ-021,LOT-0055,2026-12-04,falha_vedacao,34,32,2
INSP-000445,OP-000445,AX-110,MAQ-021,LOT-0055,2026-11-13,falha_vedacao,40,38,2
INSP-000446,OP-000446,AX-110,MAQ-021,LOT-0056,2026-11-20,falha_vedacao,39,37,2
INSP-000447,OP-000447,AX-110,MAQ-021,LOT-0056,2026-11-27,falha_vedacao,37,35,2
INSP-000448,OP-000448,AX-110,MAQ-021,LOT-0057,2026-12-04,falha_vedacao,36,35,1
INSP-000449,OP-000449,AX-120,MAQ-012,LOT-0055,2026-11-13,falha_vedacao,37,35,2
INSP-000450,OP-000450,AX-120,MAQ-012,LOT-0056,2026-11-20,falha_vedacao,33,31,2
INSP-000451,OP-000451,AX-120,MAQ-012,LOT-0058,2026-11-27,sem_defeito,38,38,0
INSP-000452,OP-000452,AX-120,MAQ-012,LOT-0057,2026-12-04,sem_defeito,32,32,0
INSP-000453,OP-000453,AX-130,MAQ-012,LOT-0056,2026-11-13,falha_vedacao,35,33,2
INSP-000454,OP-000454,AX-130,MAQ-012,LOT-0057,2026-11-20,falha_vedacao,43,42,1
INSP-000455,OP-000455,AX-130,MAQ-012,LOT-0057,2026-11-27,falha_vedacao,43,42,1
INSP-000456,OP-000456,AX-130,MAQ-012,LOT-0055,2026-12-04,falha_vedacao,35,33,2
INSP-000457,OP-000457,BZ-200,MAQ-021,LOT-0055,2026-11-13,falha_vedacao,30,29,1
INSP-000458,OP-000458,BZ-200,MAQ-021,LOT-0057,2026-11-20,sem_defeito,22,22,0
INSP-000459,OP-000459,BZ-200,MAQ-021,LOT-0055,2026-11-27,falha_vedacao,27,26,1
INSP-000460,OP-000460,BZ-200,MAQ-021,LOT-0056,2026-12-04,falha_vedacao,24,23,1
INSP-000461,OP-000461,AX-100,MAQ-021,LOT-0061,2026-12-13,sem_defeito,43,43,0
INSP-000462,OP-000462,AX-100,MAQ-021,LOT-0062,2026-12-20,falha_vedacao,43,42,1
INSP-000463,OP-000463,AX-100,MAQ-021,LOT-0062,2026-12-27,falha_vedacao,40,39,1
INSP-000464,OP-000464,AX-100,MAQ-021,LOT-0060,2027-01-03,falha_vedacao,47,46,1
INSP-000465,OP-000465,AX-110,MAQ-021,LOT-0060,2026-12-13,falha_vedacao,45,44,1
INSP-000466,OP-000466,AX-110,MAQ-021,LOT-0060,2026-12-20,falha_vedacao,40,39,1
INSP-000467,OP-000467,AX-110,MAQ-021,LOT-0061,2026-12-27,falha_vedacao,47,46,1
INSP-000468,OP-000468,AX-110,MAQ-021,LOT-0061,2027-01-03,falha_vedacao,45,44,1
INSP-000469,OP-000469,AX-120,MAQ-012,LOT-0060,2026-12-13,falha_vedacao,37,36,1
INSP-000470,OP-000470,AX-120,MAQ-012,LOT-0062,2026-12-20,falha_vedacao,40,39,1
INSP-000471,OP-000471,AX-120,MAQ-012,LOT-0060,2026-12-27,falha_vedacao,34,33,1
INSP-000472,OP-000472,AX-120,MAQ-012,LOT-0062,2027-01-03,falha_vedacao,38,37,1
INSP-000473,OP-000473,AX-130,MAQ-012,LOT-0061,2026-12-13,falha_vedacao,37,36,1
INSP-000474,OP-000474,AX-130,MAQ-012,LOT-0062,2026-12-20,sem_defeito,34,34,0
INSP-000475,OP-000475,AX-130,MAQ-012,LOT-0059,2026-12-27,sem_defeito,35,35,0
INSP-000476,OP-000476,AX-130,MAQ-012,LOT-0059,2027-01-03,sem_defeito,39,39,0
INSP-000477,OP-000477,BZ-200,MAQ-021,LOT-0059,2026-12-13,sem_defeito,29,29,0
INSP-000478,OP-000478,BZ-200,MAQ-021,LOT-0060,2026-12-20,sem_defeito,28,28,0
INSP-000479,OP-000479,BZ-200,MAQ-021,LOT-0061,2026-12-27,sem_defeito,27,27,0
INSP-000480,OP-000480,BZ-200,MAQ-021,LOT-0060,2027-01-03,sem_defeito,32,32,0
