pedido_id,item_id,produto_id,quantidade,preco_lista,desconto_percentual,preco_venda
PED-000001,1,AX-100,35,890.0,0.0418,852.84
PED-000002,1,AX-100,38,890.0,0.0479,847.36
PED-000003,1,AX-100,42,890.0,0.0197,872.51
PED-000004,1,AX-100,38,890.0,0.0444,850.48
PED-000005,1,AX-110,44,1040.0,0.0278,1011.07
PED-000006,1,AX-110,40,1040.0,0.0418,996.5
PED-000007,1,AX-110,41,1040.0,0.0477,990.39
PED-000008,1,AX-110,36,1040.0,0.0272,1011.67
PED-000009,1,AX-120,36,1390.0,0.0481,1323.2
PED-000010,1,AX-120,44,1390.0,0.0367,1338.92
PED-000011,1,AX-120,42,1390.0,0.0311,1346.81
PED-000012,1,AX-120,35,1390.0,0.0319,1345.62
PED-000013,1,AX-130,41,1210.0,0.0325,1170.66
PED-000014,1,AX-130,34,1210.0,0.0419,1159.29
PED-000015,1,AX-130,37,1210.0,0.0473,1152.76
PED-000016,1,AX-130,41,1210.0,0.0201,1185.67
PED-000017,1,BZ-200,26,730.0,0.0491,694.19
PED-000018,1,BZ-200,28,730.0,0.0429,698.68
PED-000019,1,BZ-200,27,730.0,0.0428,698.77
PED-000020,1,BZ-200,31,730.0,0.0488,694.39
PED-000021,1,AX-100,46,890.0,0.0341,859.65
PED-000022,1,AX-100,43,890.0,0.0364,857.63
PED-000023,1,AX-100,47,890.0,0.0292,864.01
PED-000024,1,AX-100,45,890.0,0.0472,847.95
PED-000025,1,AX-110,41,1040.0,0.0459,992.23
PED-000026,1,AX-110,45,1040.0,0.0194,1019.82
PED-000027,1,AX-110,45,1040.0,0.0417,996.67
PED-000028,1,AX-110,38,1040.0,0.0359,1002.63
PED-000029,1,AX-120,35,1390.0,0.0219,1359.6
PED-000030,1,AX-120,40,1390.0,0.035,1341.35
PED-000031,1,AX-120,43,1390.0,0.0198,1362.47
PED-000032,1,AX-120,36,1390.0,0.0325,1344.85
PED-000033,1,AX-130,45,1210.0,0.0329,1170.18
PED-000034,1,AX-130,43,1210.0,0.0405,1160.98
PED-000035,1,AX-130,48,1210.0,0.0205,1185.16
PED-000036,1,AX-130,47,1210.0,0.0282,1175.86
PED-000037,1,BZ-200,28,730.0,0.0233,713.02
PED-000038,1,BZ-200,27,730.0,0.0349,704.52
PED-000039,1,BZ-200,28,730.0,0.0279,709.65
PED-000040,1,BZ-200,33,730.0,0.0218,714.1
PED-000041,1,AX-100,43,890.0,0.0399,854.45
PED-000042,1,AX-100,45,890.0,0.0435,851.25
PED-000043,1,AX-100,45,890.0,0.0475,847.69
PED-000044,1,AX-100,37,890.0,0.0389,855.38
PED-000045,1,AX-110,47,1040.0,0.0413,997.01
PED-000046,1,AX-110,43,1040.0,0.0456,992.59
PED-000047,1,AX-110,37,1040.0,0.0274,1011.53
PED-000048,1,AX-110,44,1040.0,0.025,1014.0
PED-000049,1,AX-120,42,1390.0,0.0153,1368.73
PED-000050,1,AX-120,40,1390.0,0.0235,1357.39
PED-000051,1,AX-120,46,1390.0,0.028,1351.13
PED-000052,1,AX-120,45,1390.0,0.0332,1343.79
PED-000053,1,AX-130,37,1210.0,0.0267,1177.64
PED-000054,1,AX-130,38,1210.0,0.0347,1167.98
PED-000055,1,AX-130,44,1210.0,0.019,1186.97
PED-000056,1,AX-130,46,1210.0,0.0472,1152.88
PED-000057,1,BZ-200,32,730.0,0.0458,696.59
PED-000058,1,BZ-200,34,730.0,0.03,708.12
PED-000059,1,BZ-200,28,730.0,0.0365,703.38
PED-000060,1,BZ-200,35,730.0,0.0341,705.09
PED-000061,1,AX-100,45,890.0,0.046,849.08
PED-000062,1,AX-100,42,890.0,0.0187,873.33
PED-000063,1,AX-100,39,890.0,0.0178,874.15
PED-000064,1,AX-100,35,890.0,0.0423,852.37
PED-000065,1,AX-110,39,1040.0,0.0206,1018.55
PED-000066,1,AX-110,42,1040.0,0.0359,1002.63
PED-000067,1,AX-110,38,1040.0,0.0441,994.14
PED-000068,1,AX-110,38,1040.0,0.0431,995.2
PED-000069,1,AX-120,43,1390.0,0.0154,1368.6
PED-000070,1,AX-120,44,1390.0,0.043,1330.2
PED-000071,1,AX-120,46,1390.0,0.0458,1326.31
PED-000072,1,AX-120,42,1390.0,0.0255,1354.57
PED-000073,1,AX-130,38,1210.0,0.0215,1184.03
PED-000074,1,AX-130,46,1210.0,0.0249,1179.89
PED-000075,1,AX-130,37,1210.0,0.0295,1174.28
PED-000076,1,AX-130,45,1210.0,0.0416,1159.62
PED-000077,1,BZ-200,26,730.0,0.0291,708.75
PED-000078,1,BZ-200,31,730.0,0.0376,702.52
PED-000079,1,BZ-200,27,730.0,0.0312,707.22
PED-000080,1,BZ-200,36,730.0,0.0465,696.07
PED-000081,1,AX-100,40,890.0,0.0283,864.78
PED-000082,1,AX-100,42,890.0,0.0475,847.76
PED-000083,1,AX-100,36,890.0,0.0312,862.25
PED-000084,1,AX-100,37,890.0,0.0255,867.29
PED-000085,1,AX-110,42,1040.0,0.0343,1004.29
PED-000086,1,AX-110,42,1040.0,0.0356,1002.97
PED-000087,1,AX-110,36,1040.0,0.0168,1022.54
PED-000088,1,AX-110,43,1040.0,0.0262,1012.78
PED-000089,1,AX-120,38,1390.0,0.0182,1364.73
PED-000090,1,AX-120,38,1390.0,0.016,1367.82
PED-000091,1,AX-120,36,1390.0,0.0407,1333.44
PED-000092,1,AX-120,32,1390.0,0.0371,1338.41
PED-000093,1,AX-130,42,1210.0,0.025,1179.73
PED-000094,1,AX-130,39,1210.0,0.0373,1164.82
PED-000095,1,AX-130,38,1210.0,0.0421,1159.01
PED-000096,1,AX-130,33,1210.0,0.0229,1182.26
PED-000097,1,BZ-200,25,730.0,0.0298,708.26
PED-000098,1,BZ-200,33,730.0,0.0324,706.37
PED-000099,1,BZ-200,29,730.0,0.0315,707.02
PED-000100,1,BZ-200,33,730.0,0.0251,711.7
PED-000101,1,AX-100,40,890.0,0.0371,856.94
PED-000102,1,AX-100,32,890.0,0.0193,872.85
PED-000103,1,AX-100,35,890.0,0.0346,859.23
PED-000104,1,AX-100,40,890.0,0.0362,857.78
PED-000105,1,AX-110,39,1040.0,0.0466,991.49
PED-000106,1,AX-110,43,1040.0,0.0265,1012.44
PED-000107,1,AX-110,33,1040.0,0.0384,1000.1
PED-000108,1,AX-110,43,1040.0,0.0483,989.77
PED-000109,1,AX-120,33,1390.0,0.0223,1359.07
PED-000110,1,AX-120,38,1390.0,0.0407,1333.37
PED-000111,1,AX-120,34,1390.0,0.0301,1348.14
PED-000112,1,AX-120,34,1390.0,0.0227,1358.39
PED-000113,1,AX-130,33,1210.0,0.0156,1191.11
PED-000114,1,AX-130,36,1210.0,0.0225,1182.77
PED-000115,1,AX-130,38,1210.0,0.0242,1180.75
PED-000116,1,AX-130,40,1210.0,0.0447,1155.96
PED-000117,1,BZ-200,26,730.0,0.0221,713.86
PED-000118,1,BZ-200,34,730.0,0.0188,716.31
PED-000119,1,BZ-200,31,730.0,0.0275,709.96
PED-000120,1,BZ-200,30,730.0,0.0196,715.66
PED-000121,1,AX-100,39,890.0,0.0431,851.68
PED-000122,1,AX-100,39,890.0,0.0419,852.67
PED-000123,1,AX-100,39,890.0,0.0164,875.44
PED-000124,1,AX-100,31,890.0,0.0342,859.57
PED-000125,1,AX-110,35,1040.0,0.0491,988.98
PED-000126,1,AX-110,36,1040.0,0.0405,997.93
PED-000127,1,AX-110,37,1040.0,0.0318,1006.96
PED-000128,1,AX-110,38,1040.0,0.0185,1020.78
PED-000129,1,AX-120,34,1390.0,0.0266,1353.05
PED-000130,1,AX-120,39,1390.0,0.0222,1359.08
PED-000131,1,AX-120,32,1390.0,0.0155,1368.39
PED-000132,1,AX-120,33,1390.0,0.0332,1343.86
PED-000133,1,AX-130,39,1210.0,0.0293,1174.5
PED-000134,1,AX-130,36,1210.0,0.0308,1172.75
PED-000135,1,AX-130,38,1210.0,0.0203,1185.39
PED-000136,1,AX-130,36,1210.0,0.0393,1162.5
PED-000137,1,BZ-200,25,730.0,0.0234,712.9
PED-000138,1,BZ-200,28,730.0,0.04,700.81
PED-000139,1,BZ-200,28,730.0,0.016,718.33
PED-000140,1,BZ-200,25,730.0,0.0479,695.03
PED-000141,1,AX-100,41,890.0,0.0229,869.65
PED-000142,1,AX-100,40,890.0,0.0217,870.65
PED-000143,1,AX-100,37,890.0,0.0207,871.56
PED-000144,1,AX-100,41,890.0,0.0216,870.74
PED-000145,1,AX-110,36,1040.0,0.0208,1018.36
PED-000146,1,AX-110,32,1040.0,0.0446,993.59
PED-000147,1,AX-110,36,1040.0,0.0496,988.38
PED-000148,1,AX-110,38,1040.0,0.0499,988.06
PED-000149,1,AX-120,31,1390.0,0.0357,1340.32
PED-000150,1,AX-120,30,1390.0,0.0301,1348.14
PED-000151,1,AX-120,30,1390.0,0.0179,1365.08
PED-000152,1,AX-120,35,1390.0,0.0484,1322.72
PED-000153,1,AX-130,39,1210.0,0.0362,1166.23
PED-000154,1,AX-130,37,1210.0,0.021,1184.6
PED-000155,1,AX-130,37,1210.0,0.0473,1152.76
PED-000156,1,AX-130,37,1210.0,0.0273,1177.01
PED-000157,1,BZ-200,25,730.0,0.0375,702.6
PED-000158,1,BZ-200,24,730.0,0.0495,693.84
PED-000159,1,BZ-200,30,730.0,0.0313,707.18
PED-000160,1,BZ-200,23,730.0,0.047,695.67
PED-000161,1,AX-100,33,890.0,0.0403,854.11
PED-000162,1,AX-100,37,890.0,0.0344,859.42
PED-000163,1,AX-100,36,890.0,0.019,873.1
PED-000164,1,AX-100,39,890.0,0.0209,871.4
PED-000165,1,AX-110,40,1040.0,0.0302,1008.57
PED-000166,1,AX-110,40,1040.0,0.0175,1021.76
PED-000167,1,AX-110,31,1040.0,0.0451,993.13
PED-000168,1,AX-110,40,1040.0,0.0402,998.18
PED-000169,1,AX-120,36,1390.0,0.0265,1353.21
PED-000170,1,AX-120,31,1390.0,0.0339,1342.92
PED-000171,1,AX-120,31,1390.0,0.0269,1352.63
PED-000172,1,AX-120,29,1390.0,0.0292,1349.47
PED-000173,1,AX-130,40,1210.0,0.0246,1180.28
PED-000174,1,AX-130,36,1210.0,0.0423,1158.87
PED-000175,1,AX-130,30,1210.0,0.0194,1186.5
PED-000176,1,AX-130,32,1210.0,0.0392,1162.58
PED-000177,1,BZ-200,24,730.0,0.0441,697.78
PED-000178,1,BZ-200,30,730.0,0.0423,699.16
PED-000179,1,BZ-200,31,730.0,0.0474,695.42
PED-000180,1,BZ-200,30,730.0,0.0324,706.36
PED-000181,1,AX-100,37,890.0,0.0279,865.21
PED-000182,1,AX-100,40,890.0,0.0189,873.22
PED-000183,1,AX-100,42,890.0,0.0406,853.85
PED-000184,1,AX-100,36,890.0,0.0292,863.98
PED-000185,1,AX-110,31,1040.0,0.0466,991.56
PED-000186,1,AX-110,34,1040.0,0.0413,997.08
PED-000187,1,AX-110,35,1040.0,0.0182,1021.11
PED-000188,1,AX-110,36,1040.0,0.022,1017.13
PED-000189,1,AX-120,37,1390.0,0.0457,1326.45
PED-000190,1,AX-120,36,1390.0,0.0291,1349.57
PED-000191,1,AX-120,33,1390.0,0.0308,1347.19
PED-000192,1,AX-120,38,1390.0,0.0345,1342.07
PED-000193,1,AX-130,32,1210.0,0.0438,1157.06
PED-000194,1,AX-130,35,1210.0,0.0429,1158.06
PED-000195,1,AX-130,33,1210.0,0.027,1177.35
PED-000196,1,AX-130,38,1210.0,0.0398,1161.83
PED-000197,1,BZ-200,26,730.0,0.0225,713.6
PED-000198,1,BZ-200,32,730.0,0.0284,709.28
PED-000199,1,BZ-200,31,730.0,0.0394,701.27
PED-000200,1,BZ-200,26,730.0,0.0303,707.87
PED-000201,1,AX-100,38,890.0,0.0361,857.83
PED-000202,1,AX-100,32,890.0,0.0352,858.71
PED-000203,1,AX-100,32,890.0,0.0482,847.14
PED-000204,1,AX-100,31,890.0,0.0323,861.22
PED-000205,1,AX-110,41,1040.0,0.0153,1024.1
PED-000206,1,AX-110,36,1040.0,0.0233,1015.82
PED-000207,1,AX-110,38,1040.0,0.0307,1008.11
PED-000208,1,AX-110,41,1040.0,0.0222,1016.95
PED-000209,1,AX-120,40,1390.0,0.0193,1363.11
PED-000210,1,AX-120,37,1390.0,0.0329,1344.34
PED-000211,1,AX-120,35,1390.0,0.0475,1324.01
PED-000212,1,AX-120,40,1390.0,0.0238,1356.91
PED-000213,1,AX-130,39,1210.0,0.0439,1156.84
PED-000214,1,AX-130,35,1210.0,0.0357,1166.78
PED-000215,1,AX-130,40,1210.0,0.0346,1168.08
PED-000216,1,AX-130,41,1210.0,0.022,1183.35
PED-000217,1,BZ-200,28,730.0,0.0365,703.37
PED-000218,1,BZ-200,32,730.0,0.0296,708.41
PED-000219,1,BZ-200,26,730.0,0.0467,695.88
PED-000220,1,BZ-200,26,730.0,0.0301,708.0
PED-000221,1,AX-100,36,890.0,0.0484,846.89
PED-000222,1,AX-100,42,890.0,0.0448,850.17
PED-000223,1,AX-100,40,890.0,0.0351,858.72
PED-000224,1,AX-100,41,890.0,0.0421,852.52
PED-000225,1,AX-110,39,1040.0,0.0288,1010.09
PED-000226,1,AX-110,37,1040.0,0.0265,1012.44
PED-000227,1,AX-110,40,1040.0,0.0491,988.97
PED-000228,1,AX-110,43,1040.0,0.0441,994.17
PED-000229,1,AX-120,32,1390.0,0.0467,1325.04
PED-000230,1,AX-120,35,1390.0,0.0388,1336.01
PED-000231,1,AX-120,33,1390.0,0.0248,1355.56
PED-000232,1,AX-120,41,1390.0,0.0455,1326.69
PED-000233,1,AX-130,42,1210.0,0.0331,1169.92
PED-000234,1,AX-130,37,1210.0,0.0251,1179.65
PED-000235,1,AX-130,37,1210.0,0.0156,1191.17
PED-000236,1,AX-130,41,1210.0,0.0413,1160.09
PED-000237,1,BZ-200,28,730.0,0.0282,709.39
PED-000238,1,BZ-200,33,730.0,0.0383,702.08
PED-000239,1,BZ-200,29,730.0,0.0467,695.91
PED-000240,1,BZ-200,34,730.0,0.0212,714.55
PED-000241,1,AX-100,45,890.0,0.0432,851.55
PED-000242,1,AX-100,46,890.0,0.0423,852.39
PED-000243,1,AX-100,42,890.0,0.0328,860.83
PED-000244,1,AX-100,41,890.0,0.0369,857.2
PED-000245,1,AX-110,42,1040.0,0.0451,993.09
PED-000246,1,AX-110,41,1040.0,0.0316,1007.13
PED-000247,1,AX-110,37,1040.0,0.0242,1014.81
PED-000248,1,AX-110,44,1040.0,0.0214,1017.72
PED-000249,1,AX-120,41,1390.0,0.0358,1340.23
PED-000250,1,AX-120,37,1390.0,0.0365,1339.31
PED-000251,1,AX-120,45,1390.0,0.0498,1320.8
PED-000252,1,AX-120,45,1390.0,0.0462,1325.72
PED-000253,1,AX-130,40,1210.0,0.025,1179.81
PED-000254,1,AX-130,47,1210.0,0.0249,1179.82
PED-000255,1,AX-130,50,1210.0,0.0295,1174.29
PED-000256,1,AX-130,43,1210.0,0.0301,1173.54
PED-000257,1,BZ-200,26,730.0,0.0475,695.35
PED-000258,1,BZ-200,23,730.0,0.037,702.99
PED-000259,1,BZ-200,25,730.0,0.0491,694.14
PED-000260,1,BZ-200,29,730.0,0.0488,694.37
PED-000261,1,AX-100,39,890.0,0.0197,872.48
PED-000262,1,AX-100,46,890.0,0.0368,857.26
PED-000263,1,AX-100,48,890.0,0.0285,864.63
PED-000264,1,AX-100,45,890.0,0.0275,865.52
PED-000265,1,AX-110,41,1040.0,0.0236,1015.43
PED-000266,1,AX-110,45,1040.0,0.0487,989.37
PED-000267,1,AX-110,39,1040.0,0.0445,993.69
PED-000268,1,AX-110,45,1040.0,0.0417,996.68
PED-000269,1,AX-120,47,1390.0,0.0281,1350.95
PED-000270,1,AX-120,49,1390.0,0.0399,1334.59
PED-000271,1,AX-120,49,1390.0,0.0218,1359.66
PED-000272,1,AX-120,47,1390.0,0.0416,1332.15
PED-000273,1,AX-130,41,1210.0,0.0181,1188.12
PED-000274,1,AX-130,43,1210.0,0.0386,1163.34
PED-000275,1,AX-130,44,1210.0,0.0358,1166.65
PED-000276,1,AX-130,37,1210.0,0.0463,1153.96
PED-000277,1,BZ-200,30,730.0,0.0199,715.49
PED-000278,1,BZ-200,28,730.0,0.0242,712.37
PED-000279,1,BZ-200,31,730.0,0.0357,703.94
PED-000280,1,BZ-200,31,730.0,0.0231,713.11
PED-000281,1,AX-100,49,890.0,0.0275,865.49
PED-000282,1,AX-100,42,890.0,0.0457,849.33
PED-000283,1,AX-100,43,890.0,0.0208,871.45
PED-000284,1,AX-100,39,890.0,0.0182,873.76
PED-000285,1,AX-110,45,1040.0,0.0308,1007.92
PED-000286,1,AX-110,47,1040.0,0.0454,992.77
PED-000287,1,AX-110,46,1040.0,0.0196,1019.64
PED-000288,1,AX-110,37,1040.0,0.0198,1019.45
PED-000289,1,AX-120,41,1390.0,0.0471,1324.53
PED-000290,1,AX-120,46,1390.0,0.037,1338.53
PED-000291,1,AX-120,39,1390.0,0.0483,1322.87
PED-000292,1,AX-120,43,1390.0,0.023,1358.05
PED-000293,1,AX-130,44,1210.0,0.0249,1179.92
PED-000294,1,AX-130,45,1210.0,0.046,1154.35
PED-000295,1,AX-130,49,1210.0,0.0461,1154.17
PED-000296,1,AX-130,43,1210.0,0.0324,1170.85
PED-000297,1,BZ-200,36,730.0,0.0301,708.05
PED-000298,1,BZ-200,31,730.0,0.0439,697.93
PED-000299,1,BZ-200,37,730.0,0.047,695.7
PED-000300,1,BZ-200,31,730.0,0.0278,709.73
PED-000301,1,AX-100,43,890.0,0.0493,846.09
PED-000302,1,AX-100,38,890.0,0.0388,855.44
PED-000303,1,AX-100,39,890.0,0.0286,864.57
PED-000304,1,AX-100,42,890.0,0.0209,871.38
PED-000305,1,AX-110,43,1040.0,0.0493,988.71
PED-000306,1,AX-110,47,1040.0,0.0276,1011.25
PED-000307,1,AX-110,42,1040.0,0.0484,989.62
PED-000308,1,AX-110,41,1040.0,0.0165,1022.81
PED-000309,1,AX-120,40,1390.0,0.0187,1364.0
PED-000310,1,AX-120,43,1390.0,0.0471,1324.52
PED-000311,1,AX-120,38,1390.0,0.0177,1365.45
PED-000312,1,AX-120,39,1390.0,0.0493,1321.43
PED-000313,1,AX-130,41,1210.0,0.0276,1176.58
PED-000314,1,AX-130,44,1210.0,0.0467,1153.53
PED-000315,1,AX-130,47,1210.0,0.036,1166.47
PED-000316,1,AX-130,44,1210.0,0.022,1183.4
PED-000317,1,BZ-200,32,730.0,0.0497,693.71
PED-000318,1,BZ-200,34,730.0,0.0171,717.5
PED-000319,1,BZ-200,32,730.0,0.023,713.2
PED-000320,1,BZ-200,35,730.0,0.0273,710.05
PED-000321,1,AX-100,37,890.0,0.0166,875.19
PED-000322,1,AX-100,41,890.0,0.0312,862.23
PED-000323,1,AX-100,41,890.0,0.0465,848.59
PED-000324,1,AX-100,37,890.0,0.0377,856.48
PED-000325,1,AX-110,40,1040.0,0.0253,1013.71
PED-000326,1,AX-110,43,1040.0,0.0292,1009.65
PED-000327,1,AX-110,36,1040.0,0.0304,1008.34
PED-000328,1,AX-110,45,1040.0,0.0326,1006.14
PED-000329,1,AX-120,37,1390.0,0.0172,1366.02
PED-000330,1,AX-120,38,1390.0,0.0299,1348.5
PED-000331,1,AX-120,40,1390.0,0.0344,1342.22
PED-000332,1,AX-120,47,1390.0,0.0452,1327.22
PED-000333,1,AX-130,45,1210.0,0.049,1150.76
PED-000334,1,AX-130,43,1210.0,0.0249,1179.87
PED-000335,1,AX-130,37,1210.0,0.0323,1170.92
PED-000336,1,AX-130,37,1210.0,0.0373,1164.85
PED-000337,1,BZ-200,36,730.0,0.0284,709.24
PED-000338,1,BZ-200,31,730.0,0.0171,717.55
PED-000339,1,BZ-200,35,730.0,0.0311,707.31
PED-000340,1,BZ-200,35,730.0,0.0337,705.4
PED-000341,1,AX-100,35,890.0,0.0357,858.22
PED-000342,1,AX-100,35,890.0,0.0381,856.12
PED-000343,1,AX-100,37,890.0,0.0467,848.45
PED-000344,1,AX-100,42,890.0,0.0397,854.69
PED-000345,1,AX-110,46,1040.0,0.028,1010.86
PED-000346,1,AX-110,43,1040.0,0.0399,998.46
PED-000347,1,AX-110,45,1040.0,0.0338,1004.83
PED-000348,1,AX-110,42,1040.0,0.0197,1019.55
PED-000349,1,AX-120,46,1390.0,0.0415,1332.3
PED-000350,1,AX-120,47,1390.0,0.0172,1366.06
PED-000351,1,AX-120,44,1390.0,0.0397,1334.75
PED-000352,1,AX-120,42,1390.0,0.0354,1340.84
PED-000353,1,AX-130,35,1210.0,0.0405,1160.97
PED-000354,1,AX-130,39,1210.0,0.0207,1185.0
PED-000355,1,AX-130,40,1210.0,0.0158,1190.88
PED-000356,1,AX-130,35,1210.0,0.0343,1168.48
PED-000357,1,BZ-200,36,730.0,0.0192,715.99
PED-000358,1,BZ-200,28,730.0,0.0354,704.17
PED-000359,1,BZ-200,30,730.0,0.0291,708.75
PED-000360,1,BZ-200,30,730.0,0.0358,703.85
PED-000361,1,AX-100,40,890.0,0.0969,803.76
PED-000362,1,AX-100,42,890.0,0.0984,802.44
PED-000363,1,AX-100,49,890.0,0.0936,806.68
PED-000364,1,AX-100,41,890.0,0.1012,799.96
PED-000365,1,AX-110,47,1040.0,0.1165,918.86
PED-000366,1,AX-110,41,1040.0,0.1242,910.8
PED-000367,1,AX-110,45,1040.0,0.1029,932.94
PED-000368,1,AX-110,46,1040.0,0.0957,940.46
PED-000369,1,AX-120,48,1390.0,0.1497,1181.91
PED-000370,1,AX-120,53,1390.0,0.1244,1217.09
PED-000371,1,AX-120,57,1390.0,0.1427,1191.66
PED-000372,1,AX-120,51,1390.0,0.1174,1226.78
PED-000373,1,AX-130,50,1210.0,0.1135,1072.63
PED-000374,1,AX-130,50,1210.0,0.1323,1049.95
PED-000375,1,AX-130,46,1210.0,0.1131,1073.12
PED-000376,1,AX-130,53,1210.0,0.1241,1059.83
PED-000377,1,BZ-200,25,730.0,0.0289,708.92
PED-000378,1,BZ-200,32,730.0,0.0201,715.33
PED-000379,1,BZ-200,28,730.0,0.0486,694.52
PED-000380,1,BZ-200,26,730.0,0.0299,708.15
PED-000381,1,AX-100,49,890.0,0.0964,804.19
PED-000382,1,AX-100,48,890.0,0.0963,804.31
PED-000383,1,AX-100,39,890.0,0.0857,813.73
PED-000384,1,AX-100,47,890.0,0.0918,808.29
PED-000385,1,AX-110,45,1040.0,0.1018,934.08
PED-000386,1,AX-110,46,1040.0,0.0998,936.19
PED-000387,1,AX-110,42,1040.0,0.0947,941.55
PED-000388,1,AX-110,45,1040.0,0.1124,923.1
PED-000389,1,AX-120,47,1390.0,0.1331,1204.96
PED-000390,1,AX-120,55,1390.0,0.1256,1215.41
PED-000391,1,AX-120,49,1390.0,0.1272,1213.24
PED-000392,1,AX-120,45,1390.0,0.147,1185.64
PED-000393,1,AX-130,53,1210.0,0.1014,1087.29
PED-000394,1,AX-130,48,1210.0,0.1004,1088.56
PED-000395,1,AX-130,48,1210.0,0.1141,1071.91
PED-000396,1,AX-130,52,1210.0,0.1296,1053.23
PED-000397,1,BZ-200,33,730.0,0.019,716.12
PED-000398,1,BZ-200,30,730.0,0.0451,697.1
PED-000399,1,BZ-200,23,730.0,0.0441,697.81
PED-000400,1,BZ-200,24,730.0,0.0423,699.09
PED-000401,1,AX-100,46,890.0,0.0919,808.18
PED-000402,1,AX-100,48,890.0,0.1079,793.98
PED-000403,1,AX-100,41,890.0,0.0853,814.12
PED-000404,1,AX-100,41,890.0,0.0921,808.06
PED-000405,1,AX-110,42,1040.0,0.0982,937.86
PED-000406,1,AX-110,49,1040.0,0.1151,920.31
PED-000407,1,AX-110,48,1040.0,0.0952,941.01
PED-000408,1,AX-110,40,1040.0,0.1153,920.12
PED-000409,1,AX-120,45,1390.0,0.1401,1195.27
PED-000410,1,AX-120,54,1390.0,0.1261,1214.76
PED-000411,1,AX-120,48,1390.0,0.1171,1227.24
PED-000412,1,AX-120,49,1390.0,0.1414,1193.52
PED-000413,1,AX-130,52,1210.0,0.1042,1083.96
PED-000414,1,AX-130,46,1210.0,0.1156,1070.13
PED-000415,1,AX-130,42,1210.0,0.1133,1072.94
PED-000416,1,AX-130,46,1210.0,0.1144,1071.61
PED-000417,1,BZ-200,26,730.0,0.0395,701.15
PED-000418,1,BZ-200,25,730.0,0.0461,696.34
PED-000419,1,BZ-200,27,730.0,0.0324,706.37
PED-000420,1,BZ-200,23,730.0,0.0193,715.9
PED-000421,1,AX-100,41,890.0,0.0235,869.08
PED-000422,1,AX-100,44,890.0,0.0266,866.3
PED-000423,1,AX-100,39,890.0,0.0312,862.27
PED-000424,1,AX-100,39,890.0,0.0454,849.61
PED-000425,1,AX-110,44,1040.0,0.0402,998.14
PED-000426,1,AX-110,40,1040.0,0.034,1004.6
PED-000427,1,AX-110,40,1040.0,0.0412,997.15
PED-000428,1,AX-110,40,1040.0,0.0441,994.15
PED-000429,1,AX-120,43,1390.0,0.0394,1335.18
PED-000430,1,AX-120,37,1390.0,0.0492,1321.61
PED-000431,1,AX-120,47,1390.0,0.0373,1338.17
PED-000432,1,AX-120,37,1390.0,0.0404,1333.8
PED-000433,1,AX-130,42,1210.0,0.037,1165.21
PED-000434,1,AX-130,38,1210.0,0.0261,1178.47
PED-000435,1,AX-130,44,1210.0,0.0342,1168.68
PED-000436,1,AX-130,37,1210.0,0.0281,1175.98
PED-000437,1,BZ-200,23,730.0,0.0194,715.84
PED-000438,1,BZ-200,29,730.0,0.0324,706.37
PED-000439,1,BZ-200,25,730.0,0.0425,698.99
PED-000440,1,BZ-200,26,730.0,0.0224,713.67
PED-000441,1,AX-100,39,890.0,0.0372,856.86
PED-000442,1,AX-100,44,890.0,0.021,871.28
PED-000443,1,AX-100,42,890.0,0.0305,862.87
PED-000444,1,AX-100,37,890.0,0.0189,873.2
PED-000445,1,AX-110,42,1040.0,0.0406,997.76
PED-000446,1,AX-110,42,1040.0,0.0326,1006.09
PED-000447,1,AX-110,40,1040.0,0.0341,1004.52
PED-000448,1,AX-110,38,1040.0,0.0455,992.7
PED-000449,1,AX-120,41,1390.0,0.0335,1343.46
PED-000450,1,AX-120,37,1390.0,0.031,1346.97
PED-000451,1,AX-120,42,1390.0,0.0264,1353.31
PED-000452,1,AX-120,37,1390.0,0.0191,1363.51
PED-000453,1,AX-130,40,1210.0,0.0275,1176.69
PED-000454,1,AX-130,49,1210.0,0.0207,1184.92
PED-000455,1,AX-130,49,1210.0,0.0355,1167.02
PED-000456,1,AX-130,39,1210.0,0.0253,1179.35
PED-000457,1,BZ-200,31,730.0,0.0351,704.4
PED-000458,1,BZ-200,23,730.0,0.017,717.58
PED-000459,1,BZ-200,28,730.0,0.0369,703.07
PED-000460,1,BZ-200,25,730.0,0.045,697.12
PED-000461,1,AX-100,47,890.0,0.0168,875.03
PED-000462,1,AX-100,47,890.0,0.0156,876.16
PED-000463,1,AX-100,44,890.0,0.0375,856.61
PED-000464,1,AX-100,50,890.0,0.0333,860.35
PED-000465,1,AX-110,49,1040.0,0.0399,998.53
PED-000466,1,AX-110,42,1040.0,0.0486,989.43
PED-000467,1,AX-110,51,1040.0,0.0232,1015.83
PED-000468,1,AX-110,48,1040.0,0.0275,1011.37
PED-000469,1,AX-120,42,1390.0,0.021,1360.79
PED-000470,1,AX-120,45,1390.0,0.0393,1335.41
PED-000471,1,AX-120,38,1390.0,0.0423,1331.25
PED-000472,1,AX-120,43,1390.0,0.0336,1343.32
PED-000473,1,AX-130,42,1210.0,0.0296,1174.16
PED-000474,1,AX-130,38,1210.0,0.0266,1177.79
PED-000475,1,AX-130,40,1210.0,0.0372,1165.02
PED-000476,1,AX-130,44,1210.0,0.0194,1186.58
PED-000477,1,BZ-200,31,730.0,0.0214,714.41
PED-000478,1,BZ-200,29,730.0,0.0403,700.6
PED-000479,1,BZ-200,28,730.0,0.0175,717.22
PED-000480,1,BZ-200,33,730.0,0.0315,707.01
