data,maquina_id,variavel,valor,unidade
2025-01-01,MAQ-012,vibracao,1.781,mm/s
2025-01-01,MAQ-012,temperatura,60.854,C
2025-01-01,MAQ-012,microparadas,5,qtd
2025-01-02,MAQ-012,vibracao,2.446,mm/s
2025-01-02,MAQ-012,temperatura,58.177,C
2025-01-02,MAQ-012,microparadas,2,qtd
2025-01-03,MAQ-012,vibracao,2.329,mm/s
2025-01-03,MAQ-012,temperatura,58.727,C
2025-01-03,MAQ-012,microparadas,2,qtd
2025-01-06,MAQ-012,vibracao,2.177,mm/s
2025-01-06,MAQ-012,temperatura,56.628,C
2025-01-06,MAQ-012,microparadas,0,qtd
2025-01-07,MAQ-012,vibracao,2.355,mm/s
2025-01-07,MAQ-012,temperatura,57.232,C
2025-01-07,MAQ-012,microparadas,5,qtd
2025-01-08,MAQ-012,vibracao,2.066,mm/s
2025-01-08,MAQ-012,temperatura,57.146,C
2025-01-08,MAQ-012,microparadas,1,qtd
2025-01-09,MAQ-012,vibracao,1.392,mm/s
2025-01-09,MAQ-012,temperatura,57.927,C
2025-01-09,MAQ-012,microparadas,1,qtd
2025-01-10,MAQ-012,vibracao,2.278,mm/s
2025-01-10,MAQ-012,temperatura,56.658,C
2025-01-10,MAQ-012,microparadas,3,qtd
2025-01-13,MAQ-012,vibracao,2.219,mm/s
2025-01-13,MAQ-012,temperatura,56.501,C
2025-01-13,MAQ-012,microparadas,1,qtd
2025-01-14,MAQ-012,vibracao,2.243,mm/s
2025-01-14,MAQ-012,temperatura,56.212,C
2025-01-14,MAQ-012,microparadas,2,qtd
2025-01-15,MAQ-012,vibracao,1.909,mm/s
2025-01-15,MAQ-012,temperatura,61.23,C
2025-01-15,MAQ-012,microparadas,2,qtd
2025-01-16,MAQ-012,vibracao,1.938,mm/s
2025-01-16,MAQ-012,temperatura,58.638,C
2025-01-16,MAQ-012,microparadas,0,qtd
2025-01-17,MAQ-012,vibracao,2.107,mm/s
2025-01-17,MAQ-012,temperatura,58.097,C
2025-01-17,MAQ-012,microparadas,2,qtd
2025-01-20,MAQ-012,vibracao,2.128,mm/s
2025-01-20,MAQ-012,temperatura,55.635,C
2025-01-20,MAQ-012,microparadas,3,qtd
2025-01-21,MAQ-012,vibracao,2.474,mm/s
2025-01-21,MAQ-012,temperatura,58.192,C
2025-01-21,MAQ-012,microparadas,4,qtd
2025-01-22,MAQ-012,vibracao,2.283,mm/s
2025-01-22,MAQ-012,temperatura,57.04,C
2025-01-22,MAQ-012,microparadas,1,qtd
2025-01-23,MAQ-012,vibracao,1.842,mm/s
2025-01-23,MAQ-012,temperatura,57.984,C
2025-01-23,MAQ-012,microparadas,1,qtd
2025-01-24,MAQ-012,vibracao,1.943,mm/s
2025-01-24,MAQ-012,temperatura,58.904,C
2025-01-24,MAQ-012,microparadas,1,qtd
2025-01-27,MAQ-012,vibracao,2.26,mm/s
2025-01-27,MAQ-012,temperatura,57.233,C
2025-01-27,MAQ-012,microparadas,2,qtd
2025-01-28,MAQ-012,vibracao,2.383,mm/s
2025-01-28,MAQ-012,temperatura,56.333,C
2025-01-28,MAQ-012,microparadas,1,qtd
2025-01-29,MAQ-012,vibracao,2.233,mm/s
2025-01-29,MAQ-012,temperatura,59.136,C
2025-01-29,MAQ-012,microparadas,1,qtd
2025-01-30,MAQ-012,vibracao,2.321,mm/s
2025-01-30,MAQ-012,temperatura,58.194,C
2025-01-30,MAQ-012,microparadas,2,qtd
2025-01-31,MAQ-012,vibracao,2.047,mm/s
2025-01-31,MAQ-012,temperatura,58.06,C
2025-01-31,MAQ-012,microparadas,0,qtd
2025-02-03,MAQ-012,vibracao,2.182,mm/s
2025-02-03,MAQ-012,temperatura,58.645,C
2025-02-03,MAQ-012,microparadas,1,qtd
2025-02-04,MAQ-012,vibracao,2.356,mm/s
2025-02-04,MAQ-012,temperatura,55.006,C
2025-02-04,MAQ-012,microparadas,3,qtd
2025-02-05,MAQ-012,vibracao,1.875,mm/s
2025-02-05,MAQ-012,temperatura,58.096,C
2025-02-05,MAQ-012,microparadas,2,qtd
2025-02-06,MAQ-012,vibracao,1.828,mm/s
2025-02-06,MAQ-012,temperatura,59.602,C
2025-02-06,MAQ-012,microparadas,0,qtd
2025-02-07,MAQ-012,vibracao,2.023,mm/s
2025-02-07,MAQ-012,temperatura,57.721,C
2025-02-07,MAQ-012,microparadas,2,qtd
2025-02-10,MAQ-012,vibracao,1.968,mm/s
2025-02-10,MAQ-012,temperatura,59.993,C
2025-02-10,MAQ-012,microparadas,1,qtd
2025-02-11,MAQ-012,vibracao,2.268,mm/s
2025-02-11,MAQ-012,temperatura,55.095,C
2025-02-11,MAQ-012,microparadas,1,qtd
2025-02-12,MAQ-012,vibracao,2.118,mm/s
2025-02-12,MAQ-012,temperatura,57.27,C
2025-02-12,MAQ-012,microparadas,3,qtd
2025-02-13,MAQ-012,vibracao,1.762,mm/s
2025-02-13,MAQ-012,temperatura,59.325,C
2025-02-13,MAQ-012,microparadas,0,qtd
2025-02-14,MAQ-012,vibracao,1.895,mm/s
2025-02-14,MAQ-012,temperatura,57.397,C
2025-02-14,MAQ-012,microparadas,2,qtd
2025-02-17,MAQ-012,vibracao,2.291,mm/s
2025-02-17,MAQ-012,temperatura,57.62,C
2025-02-17,MAQ-012,microparadas,0,qtd
2025-02-18,MAQ-012,vibracao,1.866,mm/s
2025-02-18,MAQ-012,temperatura,57.564,C
2025-02-18,MAQ-012,microparadas,0,qtd
2025-02-19,MAQ-012,vibracao,2.198,mm/s
2025-02-19,MAQ-012,temperatura,56.516,C
2025-02-19,MAQ-012,microparadas,2,qtd
2025-02-20,MAQ-012,vibracao,1.705,mm/s
2025-02-20,MAQ-012,temperatura,57.499,C
2025-02-20,MAQ-012,microparadas,1,qtd
2025-02-21,MAQ-012,vibracao,2.314,mm/s
2025-02-21,MAQ-012,temperatura,57.345,C
2025-02-21,MAQ-012,microparadas,1,qtd
2025-02-24,MAQ-012,vibracao,2.176,mm/s
2025-02-24,MAQ-012,temperatura,57.396,C
2025-02-24,MAQ-012,microparadas,2,qtd
2025-02-25,MAQ-012,vibracao,2.041,mm/s
2025-02-25,MAQ-012,temperatura,53.955,C
2025-02-25,MAQ-012,microparadas,2,qtd
2025-02-26,MAQ-012,vibracao,1.951,mm/s
2025-02-26,MAQ-012,temperatura,56.621,C
2025-02-26,MAQ-012,microparadas,4,qtd
2025-02-27,MAQ-012,vibracao,2.217,mm/s
2025-02-27,MAQ-012,temperatura,59.348,C
2025-02-27,MAQ-012,microparadas,0,qtd
2025-02-28,MAQ-012,vibracao,2.156,mm/s
2025-02-28,MAQ-012,temperatura,57.632,C
2025-02-28,MAQ-012,microparadas,1,qtd
2025-03-03,MAQ-012,vibracao,2.288,mm/s
2025-03-03,MAQ-012,temperatura,59.878,C
2025-03-03,MAQ-012,microparadas,2,qtd
2025-03-04,MAQ-012,vibracao,2.407,mm/s
2025-03-04,MAQ-012,temperatura,58.187,C
2025-03-04,MAQ-012,microparadas,1,qtd
2025-03-05,MAQ-012,vibracao,2.081,mm/s
2025-03-05,MAQ-012,temperatura,57.199,C
2025-03-05,MAQ-012,microparadas,6,qtd
2025-03-06,MAQ-012,vibracao,2.22,mm/s
2025-03-06,MAQ-012,temperatura,55.013,C
2025-03-06,MAQ-012,microparadas,0,qtd
2025-03-07,MAQ-012,vibracao,2.472,mm/s
2025-03-07,MAQ-012,temperatura,58.451,C
2025-03-07,MAQ-012,microparadas,3,qtd
2025-03-10,MAQ-012,vibracao,2.12,mm/s
2025-03-10,MAQ-012,temperatura,58.528,C
2025-03-10,MAQ-012,microparadas,0,qtd
2025-03-11,MAQ-012,vibracao,2.028,mm/s
2025-03-11,MAQ-012,temperatura,57.353,C
2025-03-11,MAQ-012,microparadas,0,qtd
2025-03-12,MAQ-012,vibracao,2.186,mm/s
2025-03-12,MAQ-012,temperatura,57.649,C
2025-03-12,MAQ-012,microparadas,3,qtd
2025-03-13,MAQ-012,vibracao,2.753,mm/s
2025-03-13,MAQ-012,temperatura,57.933,C
2025-03-13,MAQ-012,microparadas,2,qtd
2025-03-14,MAQ-012,vibracao,1.652,mm/s
2025-03-14,MAQ-012,temperatura,58.416,C
2025-03-14,MAQ-012,microparadas,2,qtd
2025-03-17,MAQ-012,vibracao,1.854,mm/s
2025-03-17,MAQ-012,temperatura,55.874,C
2025-03-17,MAQ-012,microparadas,0,qtd
2025-03-18,MAQ-012,vibracao,2.408,mm/s
2025-03-18,MAQ-012,temperatura,57.214,C
2025-03-18,MAQ-012,microparadas,3,qtd
2025-03-19,MAQ-012,vibracao,1.822,mm/s
2025-03-19,MAQ-012,temperatura,57.391,C
2025-03-19,MAQ-012,microparadas,0,qtd
2025-03-20,MAQ-012,vibracao,2.06,mm/s
2025-03-20,MAQ-012,temperatura,57.852,C
2025-03-20,MAQ-012,microparadas,1,qtd
2025-03-21,MAQ-012,vibracao,2.108,mm/s
2025-03-21,MAQ-012,temperatura,57.927,C
2025-03-21,MAQ-012,microparadas,0,qtd
2025-03-24,MAQ-012,vibracao,2.138,mm/s
2025-03-24,MAQ-012,temperatura,56.479,C
2025-03-24,MAQ-012,microparadas,8,qtd
2025-03-25,MAQ-012,vibracao,2.115,mm/s
2025-03-25,MAQ-012,temperatura,58.122,C
2025-03-25,MAQ-012,microparadas,0,qtd
2025-03-26,MAQ-012,vibracao,2.452,mm/s
2025-03-26,MAQ-012,temperatura,59.486,C
2025-03-26,MAQ-012,microparadas,3,qtd
2025-03-27,MAQ-012,vibracao,1.991,mm/s
2025-03-27,MAQ-012,temperatura,58.373,C
2025-03-27,MAQ-012,microparadas,0,qtd
2025-03-28,MAQ-012,vibracao,2.301,mm/s
2025-03-28,MAQ-012,temperatura,58.933,C
2025-03-28,MAQ-012,microparadas,2,qtd
2025-03-31,MAQ-012,vibracao,2.104,mm/s
2025-03-31,MAQ-012,temperatura,55.392,C
2025-03-31,MAQ-012,microparadas,3,qtd
2025-04-01,MAQ-012,vibracao,2.013,mm/s
2025-04-01,MAQ-012,temperatura,57.539,C
2025-04-01,MAQ-012,microparadas,1,qtd
2025-04-02,MAQ-012,vibracao,1.944,mm/s
2025-04-02,MAQ-012,temperatura,59.439,C
2025-04-02,MAQ-012,microparadas,0,qtd
2025-04-03,MAQ-012,vibracao,2.248,mm/s
2025-04-03,MAQ-012,temperatura,58.645,C
2025-04-03,MAQ-012,microparadas,3,qtd
2025-04-04,MAQ-012,vibracao,1.981,mm/s
2025-04-04,MAQ-012,temperatura,59.73,C
2025-04-04,MAQ-012,microparadas,3,qtd
2025-04-07,MAQ-012,vibracao,2.087,mm/s
2025-04-07,MAQ-012,temperatura,57.422,C
2025-04-07,MAQ-012,microparadas,1,qtd
2025-04-08,MAQ-012,vibracao,2.034,mm/s
2025-04-08,MAQ-012,temperatura,59.492,C
2025-04-08,MAQ-012,microparadas,2,qtd
2025-04-09,MAQ-012,vibracao,1.822,mm/s
2025-04-09,MAQ-012,temperatura,57.784,C
2025-04-09,MAQ-012,microparadas,1,qtd
2025-04-10,MAQ-012,vibracao,1.863,mm/s
2025-04-10,MAQ-012,temperatura,60.572,C
2025-04-10,MAQ-012,microparadas,4,qtd
2025-04-11,MAQ-012,vibracao,1.847,mm/s
2025-04-11,MAQ-012,temperatura,56.708,C
2025-04-11,MAQ-012,microparadas,2,qtd
2025-04-14,MAQ-012,vibracao,2.002,mm/s
2025-04-14,MAQ-012,temperatura,61.007,C
2025-04-14,MAQ-012,microparadas,2,qtd
2025-04-15,MAQ-012,vibracao,2.405,mm/s
2025-04-15,MAQ-012,temperatura,60.716,C
2025-04-15,MAQ-012,microparadas,1,qtd
2025-04-16,MAQ-012,vibracao,2.363,mm/s
2025-04-16,MAQ-012,temperatura,59.466,C
2025-04-16,MAQ-012,microparadas,2,qtd
2025-04-17,MAQ-012,vibracao,2.149,mm/s
2025-04-17,MAQ-012,temperatura,56.897,C
2025-04-17,MAQ-012,microparadas,0,qtd
2025-04-18,MAQ-012,vibracao,1.758,mm/s
2025-04-18,MAQ-012,temperatura,56.778,C
2025-04-18,MAQ-012,microparadas,0,qtd
2025-04-21,MAQ-012,vibracao,2.282,mm/s
2025-04-21,MAQ-012,temperatura,56.225,C
2025-04-21,MAQ-012,microparadas,4,qtd
2025-04-22,MAQ-012,vibracao,2.006,mm/s
2025-04-22,MAQ-012,temperatura,58.074,C
2025-04-22,MAQ-012,microparadas,1,qtd
2025-04-23,MAQ-012,vibracao,2.338,mm/s
2025-04-23,MAQ-012,temperatura,56.791,C
2025-04-23,MAQ-012,microparadas,2,qtd
2025-04-24,MAQ-012,vibracao,2.516,mm/s
2025-04-24,MAQ-012,temperatura,58.394,C
2025-04-24,MAQ-012,microparadas,1,qtd
2025-04-25,MAQ-012,vibracao,2.017,mm/s
2025-04-25,MAQ-012,temperatura,58.305,C
2025-04-25,MAQ-012,microparadas,2,qtd
2025-04-28,MAQ-012,vibracao,2.63,mm/s
2025-04-28,MAQ-012,temperatura,58.263,C
2025-04-28,MAQ-012,microparadas,0,qtd
2025-04-29,MAQ-012,vibracao,1.914,mm/s
2025-04-29,MAQ-012,temperatura,58.566,C
2025-04-29,MAQ-012,microparadas,3,qtd
2025-04-30,MAQ-012,vibracao,2.665,mm/s
2025-04-30,MAQ-012,temperatura,61.952,C
2025-04-30,MAQ-012,microparadas,0,qtd
2025-05-01,MAQ-012,vibracao,1.547,mm/s
2025-05-01,MAQ-012,temperatura,57.473,C
2025-05-01,MAQ-012,microparadas,1,qtd
2025-05-02,MAQ-012,vibracao,2.312,mm/s
2025-05-02,MAQ-012,temperatura,58.884,C
2025-05-02,MAQ-012,microparadas,3,qtd
2025-05-05,MAQ-012,vibracao,2.041,mm/s
2025-05-05,MAQ-012,temperatura,58.806,C
2025-05-05,MAQ-012,microparadas,0,qtd
2025-05-06,MAQ-012,vibracao,1.886,mm/s
2025-05-06,MAQ-012,temperatura,59.382,C
2025-05-06,MAQ-012,microparadas,2,qtd
2025-05-07,MAQ-012,vibracao,2.008,mm/s
2025-05-07,MAQ-012,temperatura,61.453,C
2025-05-07,MAQ-012,microparadas,1,qtd
2025-05-08,MAQ-012,vibracao,2.42,mm/s
2025-05-08,MAQ-012,temperatura,55.445,C
2025-05-08,MAQ-012,microparadas,0,qtd
2025-05-09,MAQ-012,vibracao,1.511,mm/s
2025-05-09,MAQ-012,temperatura,59.983,C
2025-05-09,MAQ-012,microparadas,1,qtd
2025-05-12,MAQ-012,vibracao,1.683,mm/s
2025-05-12,MAQ-012,temperatura,57.875,C
2025-05-12,MAQ-012,microparadas,0,qtd
2025-05-13,MAQ-012,vibracao,1.72,mm/s
2025-05-13,MAQ-012,temperatura,57.908,C
2025-05-13,MAQ-012,microparadas,3,qtd
2025-05-14,MAQ-012,vibracao,2.089,mm/s
2025-05-14,MAQ-012,temperatura,58.309,C
2025-05-14,MAQ-012,microparadas,0,qtd
2025-05-15,MAQ-012,vibracao,2.501,mm/s
2025-05-15,MAQ-012,temperatura,57.229,C
2025-05-15,MAQ-012,microparadas,2,qtd
2025-05-16,MAQ-012,vibracao,2.04,mm/s
2025-05-16,MAQ-012,temperatura,63.06,C
2025-05-16,MAQ-012,microparadas,2,qtd
2025-05-19,MAQ-012,vibracao,2.017,mm/s
2025-05-19,MAQ-012,temperatura,59.297,C
2025-05-19,MAQ-012,microparadas,0,qtd
2025-05-20,MAQ-012,vibracao,1.897,mm/s
2025-05-20,MAQ-012,temperatura,55.015,C
2025-05-20,MAQ-012,microparadas,3,qtd
2025-05-21,MAQ-012,vibracao,1.808,mm/s
2025-05-21,MAQ-012,temperatura,55.349,C
2025-05-21,MAQ-012,microparadas,0,qtd
2025-05-22,MAQ-012,vibracao,2.227,mm/s
2025-05-22,MAQ-012,temperatura,60.045,C
2025-05-22,MAQ-012,microparadas,0,qtd
2025-05-23,MAQ-012,vibracao,1.989,mm/s
2025-05-23,MAQ-012,temperatura,57.683,C
2025-05-23,MAQ-012,microparadas,2,qtd
2025-05-26,MAQ-012,vibracao,1.39,mm/s
2025-05-26,MAQ-012,temperatura,57.416,C
2025-05-26,MAQ-012,microparadas,1,qtd
2025-05-27,MAQ-012,vibracao,2.247,mm/s
2025-05-27,MAQ-012,temperatura,55.944,C
2025-05-27,MAQ-012,microparadas,0,qtd
2025-05-28,MAQ-012,vibracao,2.076,mm/s
2025-05-28,MAQ-012,temperatura,57.277,C
2025-05-28,MAQ-012,microparadas,1,qtd
2025-05-29,MAQ-012,vibracao,1.961,mm/s
2025-05-29,MAQ-012,temperatura,57.49,C
2025-05-29,MAQ-012,microparadas,0,qtd
2025-05-30,MAQ-012,vibracao,2.04,mm/s
2025-05-30,MAQ-012,temperatura,59.155,C
2025-05-30,MAQ-012,microparadas,3,qtd
2025-06-02,MAQ-012,vibracao,2.731,mm/s
2025-06-02,MAQ-012,temperatura,56.286,C
2025-06-02,MAQ-012,microparadas,2,qtd
2025-06-03,MAQ-012,vibracao,1.93,mm/s
2025-06-03,MAQ-012,temperatura,57.6,C
2025-06-03,MAQ-012,microparadas,0,qtd
2025-06-04,MAQ-012,vibracao,2.399,mm/s
2025-06-04,MAQ-012,temperatura,59.925,C
2025-06-04,MAQ-012,microparadas,2,qtd
2025-06-05,MAQ-012,vibracao,2.175,mm/s
2025-06-05,MAQ-012,temperatura,59.435,C
2025-06-05,MAQ-012,microparadas,1,qtd
2025-06-06,MAQ-012,vibracao,1.989,mm/s
2025-06-06,MAQ-012,temperatura,58.501,C
2025-06-06,MAQ-012,microparadas,3,qtd
2025-06-09,MAQ-012,vibracao,2.4,mm/s
2025-06-09,MAQ-012,temperatura,60.302,C
2025-06-09,MAQ-012,microparadas,2,qtd
2025-06-10,MAQ-012,vibracao,1.837,mm/s
2025-06-10,MAQ-012,temperatura,57.451,C
2025-06-10,MAQ-012,microparadas,2,qtd
2025-06-11,MAQ-012,vibracao,2.286,mm/s
2025-06-11,MAQ-012,temperatura,58.595,C
2025-06-11,MAQ-012,microparadas,4,qtd
2025-06-12,MAQ-012,vibracao,2.119,mm/s
2025-06-12,MAQ-012,temperatura,58.563,C
2025-06-12,MAQ-012,microparadas,1,qtd
2025-06-13,MAQ-012,vibracao,2.908,mm/s
2025-06-13,MAQ-012,temperatura,56.934,C
2025-06-13,MAQ-012,microparadas,2,qtd
2025-06-16,MAQ-012,vibracao,1.508,mm/s
2025-06-16,MAQ-012,temperatura,58.072,C
2025-06-16,MAQ-012,microparadas,2,qtd
2025-06-17,MAQ-012,vibracao,2.213,mm/s
2025-06-17,MAQ-012,temperatura,59.331,C
2025-06-17,MAQ-012,microparadas,0,qtd
2025-06-18,MAQ-012,vibracao,2.036,mm/s
2025-06-18,MAQ-012,temperatura,59.479,C
2025-06-18,MAQ-012,microparadas,1,qtd
2025-06-19,MAQ-012,vibracao,2.606,mm/s
2025-06-19,MAQ-012,temperatura,59.171,C
2025-06-19,MAQ-012,microparadas,3,qtd
2025-06-20,MAQ-012,vibracao,2.158,mm/s
2025-06-20,MAQ-012,temperatura,56.654,C
2025-06-20,MAQ-012,microparadas,1,qtd
2025-06-23,MAQ-012,vibracao,2.297,mm/s
2025-06-23,MAQ-012,temperatura,58.737,C
2025-06-23,MAQ-012,microparadas,2,qtd
2025-06-24,MAQ-012,vibracao,2.625,mm/s
2025-06-24,MAQ-012,temperatura,57.265,C
2025-06-24,MAQ-012,microparadas,3,qtd
2025-06-25,MAQ-012,vibracao,2.295,mm/s
2025-06-25,MAQ-012,temperatura,57.415,C
2025-06-25,MAQ-012,microparadas,2,qtd
2025-06-26,MAQ-012,vibracao,2.187,mm/s
2025-06-26,MAQ-012,temperatura,58.13,C
2025-06-26,MAQ-012,microparadas,1,qtd
2025-06-27,MAQ-012,vibracao,1.826,mm/s
2025-06-27,MAQ-012,temperatura,60.302,C
2025-06-27,MAQ-012,microparadas,2,qtd
2025-06-30,MAQ-012,vibracao,1.796,mm/s
2025-06-30,MAQ-012,temperatura,60.109,C
2025-06-30,MAQ-012,microparadas,1,qtd
2025-07-01,MAQ-012,vibracao,1.999,mm/s
2025-07-01,MAQ-012,temperatura,57.625,C
2025-07-01,MAQ-012,microparadas,0,qtd
2025-07-02,MAQ-012,vibracao,2.633,mm/s
2025-07-02,MAQ-012,temperatura,55.367,C
2025-07-02,MAQ-012,microparadas,2,qtd
2025-07-03,MAQ-012,vibracao,1.781,mm/s
2025-07-03,MAQ-012,temperatura,59.77,C
2025-07-03,MAQ-012,microparadas,2,qtd
2025-07-04,MAQ-012,vibracao,1.808,mm/s
2025-07-04,MAQ-012,temperatura,56.819,C
2025-07-04,MAQ-012,microparadas,0,qtd
2025-07-07,MAQ-012,vibracao,1.925,mm/s
2025-07-07,MAQ-012,temperatura,57.855,C
2025-07-07,MAQ-012,microparadas,3,qtd
2025-07-08,MAQ-012,vibracao,2.129,mm/s
2025-07-08,MAQ-012,temperatura,57.293,C
2025-07-08,MAQ-012,microparadas,1,qtd
2025-07-09,MAQ-012,vibracao,1.994,mm/s
2025-07-09,MAQ-012,temperatura,55.317,C
2025-07-09,MAQ-012,microparadas,2,qtd
2025-07-10,MAQ-012,vibracao,2.055,mm/s
2025-07-10,MAQ-012,temperatura,61.247,C
2025-07-10,MAQ-012,microparadas,2,qtd
2025-07-11,MAQ-012,vibracao,1.644,mm/s
2025-07-11,MAQ-012,temperatura,56.375,C
2025-07-11,MAQ-012,microparadas,2,qtd
2025-07-14,MAQ-012,vibracao,2.092,mm/s
2025-07-14,MAQ-012,temperatura,57.724,C
2025-07-14,MAQ-012,microparadas,1,qtd
2025-07-15,MAQ-012,vibracao,1.68,mm/s
2025-07-15,MAQ-012,temperatura,58.296,C
2025-07-15,MAQ-012,microparadas,3,qtd
2025-07-16,MAQ-012,vibracao,1.551,mm/s
2025-07-16,MAQ-012,temperatura,56.991,C
2025-07-16,MAQ-012,microparadas,2,qtd
2025-07-17,MAQ-012,vibracao,1.919,mm/s
2025-07-17,MAQ-012,temperatura,59.885,C
2025-07-17,MAQ-012,microparadas,2,qtd
2025-07-18,MAQ-012,vibracao,1.775,mm/s
2025-07-18,MAQ-012,temperatura,58.327,C
2025-07-18,MAQ-012,microparadas,3,qtd
2025-07-21,MAQ-012,vibracao,2.297,mm/s
2025-07-21,MAQ-012,temperatura,58.346,C
2025-07-21,MAQ-012,microparadas,1,qtd
2025-07-22,MAQ-012,vibracao,2.583,mm/s
2025-07-22,MAQ-012,temperatura,60.656,C
2025-07-22,MAQ-012,microparadas,3,qtd
2025-07-23,MAQ-012,vibracao,2.428,mm/s
2025-07-23,MAQ-012,temperatura,62.289,C
2025-07-23,MAQ-012,microparadas,0,qtd
2025-07-24,MAQ-012,vibracao,1.871,mm/s
2025-07-24,MAQ-012,temperatura,58.465,C
2025-07-24,MAQ-012,microparadas,2,qtd
2025-07-25,MAQ-012,vibracao,2.243,mm/s
2025-07-25,MAQ-012,temperatura,56.206,C
2025-07-25,MAQ-012,microparadas,3,qtd
2025-07-28,MAQ-012,vibracao,1.765,mm/s
2025-07-28,MAQ-012,temperatura,59.782,C
2025-07-28,MAQ-012,microparadas,5,qtd
2025-07-29,MAQ-012,vibracao,2.349,mm/s
2025-07-29,MAQ-012,temperatura,57.744,C
2025-07-29,MAQ-012,microparadas,1,qtd
2025-07-30,MAQ-012,vibracao,1.792,mm/s
2025-07-30,MAQ-012,temperatura,59.625,C
2025-07-30,MAQ-012,microparadas,1,qtd
2025-07-31,MAQ-012,vibracao,1.732,mm/s
2025-07-31,MAQ-012,temperatura,59.319,C
2025-07-31,MAQ-012,microparadas,1,qtd
2025-08-01,MAQ-012,vibracao,2.585,mm/s
2025-08-01,MAQ-012,temperatura,57.143,C
2025-08-01,MAQ-012,microparadas,3,qtd
2025-08-04,MAQ-012,vibracao,1.81,mm/s
2025-08-04,MAQ-012,temperatura,58.054,C
2025-08-04,MAQ-012,microparadas,3,qtd
2025-08-05,MAQ-012,vibracao,2.091,mm/s
2025-08-05,MAQ-012,temperatura,56.592,C
2025-08-05,MAQ-012,microparadas,1,qtd
2025-08-06,MAQ-012,vibracao,2.202,mm/s
2025-08-06,MAQ-012,temperatura,56.853,C
2025-08-06,MAQ-012,microparadas,2,qtd
2025-08-07,MAQ-012,vibracao,2.008,mm/s
2025-08-07,MAQ-012,temperatura,58.446,C
2025-08-07,MAQ-012,microparadas,2,qtd
2025-08-08,MAQ-012,vibracao,2.27,mm/s
2025-08-08,MAQ-012,temperatura,60.742,C
2025-08-08,MAQ-012,microparadas,2,qtd
2025-08-11,MAQ-012,vibracao,1.982,mm/s
2025-08-11,MAQ-012,temperatura,58.813,C
2025-08-11,MAQ-012,microparadas,2,qtd
2025-08-12,MAQ-012,vibracao,1.985,mm/s
2025-08-12,MAQ-012,temperatura,56.055,C
2025-08-12,MAQ-012,microparadas,3,qtd
2025-08-13,MAQ-012,vibracao,2.28,mm/s
2025-08-13,MAQ-012,temperatura,58.763,C
2025-08-13,MAQ-012,microparadas,1,qtd
2025-08-14,MAQ-012,vibracao,2.412,mm/s
2025-08-14,MAQ-012,temperatura,57.405,C
2025-08-14,MAQ-012,microparadas,2,qtd
2025-08-15,MAQ-012,vibracao,2.15,mm/s
2025-08-15,MAQ-012,temperatura,59.394,C
2025-08-15,MAQ-012,microparadas,2,qtd
2025-08-18,MAQ-012,vibracao,2.179,mm/s
2025-08-18,MAQ-012,temperatura,55.115,C
2025-08-18,MAQ-012,microparadas,2,qtd
2025-08-19,MAQ-012,vibracao,2.194,mm/s
2025-08-19,MAQ-012,temperatura,55.455,C
2025-08-19,MAQ-012,microparadas,1,qtd
2025-08-20,MAQ-012,vibracao,2.581,mm/s
2025-08-20,MAQ-012,temperatura,57.549,C
2025-08-20,MAQ-012,microparadas,1,qtd
2025-08-21,MAQ-012,vibracao,2.232,mm/s
2025-08-21,MAQ-012,temperatura,55.192,C
2025-08-21,MAQ-012,microparadas,1,qtd
2025-08-22,MAQ-012,vibracao,2.568,mm/s
2025-08-22,MAQ-012,temperatura,56.369,C
2025-08-22,MAQ-012,microparadas,2,qtd
2025-08-25,MAQ-012,vibracao,1.71,mm/s
2025-08-25,MAQ-012,temperatura,58.49,C
2025-08-25,MAQ-012,microparadas,2,qtd
2025-08-26,MAQ-012,vibracao,2.029,mm/s
2025-08-26,MAQ-012,temperatura,57.008,C
2025-08-26,MAQ-012,microparadas,0,qtd
2025-08-27,MAQ-012,vibracao,1.906,mm/s
2025-08-27,MAQ-012,temperatura,58.148,C
2025-08-27,MAQ-012,microparadas,1,qtd
2025-08-28,MAQ-012,vibracao,1.881,mm/s
2025-08-28,MAQ-012,temperatura,60.425,C
2025-08-28,MAQ-012,microparadas,5,qtd
2025-08-29,MAQ-012,vibracao,2.028,mm/s
2025-08-29,MAQ-012,temperatura,58.87,C
2025-08-29,MAQ-012,microparadas,4,qtd
2025-09-01,MAQ-012,vibracao,2.426,mm/s
2025-09-01,MAQ-012,temperatura,59.171,C
2025-09-01,MAQ-012,microparadas,4,qtd
2025-09-02,MAQ-012,vibracao,2.017,mm/s
2025-09-02,MAQ-012,temperatura,60.388,C
2025-09-02,MAQ-012,microparadas,1,qtd
2025-09-03,MAQ-012,vibracao,2.28,mm/s
2025-09-03,MAQ-012,temperatura,59.5,C
2025-09-03,MAQ-012,microparadas,3,qtd
2025-09-04,MAQ-012,vibracao,2.139,mm/s
2025-09-04,MAQ-012,temperatura,58.232,C
2025-09-04,MAQ-012,microparadas,1,qtd
2025-09-05,MAQ-012,vibracao,2.37,mm/s
2025-09-05,MAQ-012,temperatura,56.5,C
2025-09-05,MAQ-012,microparadas,0,qtd
2025-09-08,MAQ-012,vibracao,2.376,mm/s
2025-09-08,MAQ-012,temperatura,59.747,C
2025-09-08,MAQ-012,microparadas,1,qtd
2025-09-09,MAQ-012,vibracao,2.381,mm/s
2025-09-09,MAQ-012,temperatura,58.467,C
2025-09-09,MAQ-012,microparadas,0,qtd
2025-09-10,MAQ-012,vibracao,2.325,mm/s
2025-09-10,MAQ-012,temperatura,58.532,C
2025-09-10,MAQ-012,microparadas,4,qtd
2025-09-11,MAQ-012,vibracao,1.944,mm/s
2025-09-11,MAQ-012,temperatura,54.797,C
2025-09-11,MAQ-012,microparadas,0,qtd
2025-09-12,MAQ-012,vibracao,2.213,mm/s
2025-09-12,MAQ-012,temperatura,55.12,C
2025-09-12,MAQ-012,microparadas,2,qtd
2025-09-15,MAQ-012,vibracao,1.883,mm/s
2025-09-15,MAQ-012,temperatura,57.956,C
2025-09-15,MAQ-012,microparadas,0,qtd
2025-09-16,MAQ-012,vibracao,1.884,mm/s
2025-09-16,MAQ-012,temperatura,58.127,C
2025-09-16,MAQ-012,microparadas,0,qtd
2025-09-17,MAQ-012,vibracao,2.293,mm/s
2025-09-17,MAQ-012,temperatura,57.474,C
2025-09-17,MAQ-012,microparadas,3,qtd
2025-09-18,MAQ-012,vibracao,2.412,mm/s
2025-09-18,MAQ-012,temperatura,57.762,C
2025-09-18,MAQ-012,microparadas,1,qtd
2025-09-19,MAQ-012,vibracao,2.291,mm/s
2025-09-19,MAQ-012,temperatura,59.7,C
2025-09-19,MAQ-012,microparadas,2,qtd
2025-09-22,MAQ-012,vibracao,1.976,mm/s
2025-09-22,MAQ-012,temperatura,56.28,C
2025-09-22,MAQ-012,microparadas,0,qtd
2025-09-23,MAQ-012,vibracao,1.727,mm/s
2025-09-23,MAQ-012,temperatura,57.218,C
2025-09-23,MAQ-012,microparadas,2,qtd
2025-09-24,MAQ-012,vibracao,2.496,mm/s
2025-09-24,MAQ-012,temperatura,57.791,C
2025-09-24,MAQ-012,microparadas,3,qtd
2025-09-25,MAQ-012,vibracao,2.073,mm/s
2025-09-25,MAQ-012,temperatura,56.939,C
2025-09-25,MAQ-012,microparadas,0,qtd
2025-09-26,MAQ-012,vibracao,1.457,mm/s
2025-09-26,MAQ-012,temperatura,59.434,C
2025-09-26,MAQ-012,microparadas,2,qtd
2025-09-29,MAQ-012,vibracao,2.531,mm/s
2025-09-29,MAQ-012,temperatura,57.535,C
2025-09-29,MAQ-012,microparadas,1,qtd
2025-09-30,MAQ-012,vibracao,2.166,mm/s
2025-09-30,MAQ-012,temperatura,57.568,C
2025-09-30,MAQ-012,microparadas,3,qtd
2025-10-01,MAQ-012,vibracao,1.905,mm/s
2025-10-01,MAQ-012,temperatura,58.892,C
2025-10-01,MAQ-012,microparadas,0,qtd
2025-10-02,MAQ-012,vibracao,2.606,mm/s
2025-10-02,MAQ-012,temperatura,58.052,C
2025-10-02,MAQ-012,microparadas,2,qtd
2025-10-03,MAQ-012,vibracao,1.71,mm/s
2025-10-03,MAQ-012,temperatura,57.766,C
2025-10-03,MAQ-012,microparadas,0,qtd
2025-10-06,MAQ-012,vibracao,1.997,mm/s
2025-10-06,MAQ-012,temperatura,58.559,C
2025-10-06,MAQ-012,microparadas,4,qtd
2025-10-07,MAQ-012,vibracao,2.262,mm/s
2025-10-07,MAQ-012,temperatura,57.689,C
2025-10-07,MAQ-012,microparadas,1,qtd
2025-10-08,MAQ-012,vibracao,2.182,mm/s
2025-10-08,MAQ-012,temperatura,54.893,C
2025-10-08,MAQ-012,microparadas,2,qtd
2025-10-09,MAQ-012,vibracao,1.986,mm/s
2025-10-09,MAQ-012,temperatura,57.924,C
2025-10-09,MAQ-012,microparadas,1,qtd
2025-10-10,MAQ-012,vibracao,1.871,mm/s
2025-10-10,MAQ-012,temperatura,57.95,C
2025-10-10,MAQ-012,microparadas,2,qtd
2025-10-13,MAQ-012,vibracao,2.438,mm/s
2025-10-13,MAQ-012,temperatura,58.545,C
2025-10-13,MAQ-012,microparadas,3,qtd
2025-10-14,MAQ-012,vibracao,2.117,mm/s
2025-10-14,MAQ-012,temperatura,58.059,C
2025-10-14,MAQ-012,microparadas,3,qtd
2025-10-15,MAQ-012,vibracao,2.565,mm/s
2025-10-15,MAQ-012,temperatura,56.889,C
2025-10-15,MAQ-012,microparadas,1,qtd
2025-10-16,MAQ-012,vibracao,2.455,mm/s
2025-10-16,MAQ-012,temperatura,55.707,C
2025-10-16,MAQ-012,microparadas,0,qtd
2025-10-17,MAQ-012,vibracao,1.774,mm/s
2025-10-17,MAQ-012,temperatura,57.322,C
2025-10-17,MAQ-012,microparadas,2,qtd
2025-10-20,MAQ-012,vibracao,1.928,mm/s
2025-10-20,MAQ-012,temperatura,56.954,C
2025-10-20,MAQ-012,microparadas,1,qtd
2025-10-21,MAQ-012,vibracao,2.41,mm/s
2025-10-21,MAQ-012,temperatura,56.759,C
2025-10-21,MAQ-012,microparadas,1,qtd
2025-10-22,MAQ-012,vibracao,2.278,mm/s
2025-10-22,MAQ-012,temperatura,55.804,C
2025-10-22,MAQ-012,microparadas,4,qtd
2025-10-23,MAQ-012,vibracao,2.158,mm/s
2025-10-23,MAQ-012,temperatura,58.914,C
2025-10-23,MAQ-012,microparadas,5,qtd
2025-10-24,MAQ-012,vibracao,2.125,mm/s
2025-10-24,MAQ-012,temperatura,57.98,C
2025-10-24,MAQ-012,microparadas,4,qtd
2025-10-27,MAQ-012,vibracao,2.362,mm/s
2025-10-27,MAQ-012,temperatura,59.644,C
2025-10-27,MAQ-012,microparadas,1,qtd
2025-10-28,MAQ-012,vibracao,2.078,mm/s
2025-10-28,MAQ-012,temperatura,55.126,C
2025-10-28,MAQ-012,microparadas,2,qtd
2025-10-29,MAQ-012,vibracao,2.144,mm/s
2025-10-29,MAQ-012,temperatura,56.652,C
2025-10-29,MAQ-012,microparadas,0,qtd
2025-10-30,MAQ-012,vibracao,1.411,mm/s
2025-10-30,MAQ-012,temperatura,58.812,C
2025-10-30,MAQ-012,microparadas,3,qtd
2025-10-31,MAQ-012,vibracao,1.856,mm/s
2025-10-31,MAQ-012,temperatura,61.509,C
2025-10-31,MAQ-012,microparadas,4,qtd
2025-11-03,MAQ-012,vibracao,2.09,mm/s
2025-11-03,MAQ-012,temperatura,58.746,C
2025-11-03,MAQ-012,microparadas,1,qtd
2025-11-04,MAQ-012,vibracao,2.072,mm/s
2025-11-04,MAQ-012,temperatura,56.751,C
2025-11-04,MAQ-012,microparadas,1,qtd
2025-11-05,MAQ-012,vibracao,2.234,mm/s
2025-11-05,MAQ-012,temperatura,57.293,C
2025-11-05,MAQ-012,microparadas,2,qtd
2025-11-06,MAQ-012,vibracao,2.43,mm/s
2025-11-06,MAQ-012,temperatura,58.481,C
2025-11-06,MAQ-012,microparadas,1,qtd
2025-11-07,MAQ-012,vibracao,2.193,mm/s
2025-11-07,MAQ-012,temperatura,57.006,C
2025-11-07,MAQ-012,microparadas,1,qtd
2025-11-10,MAQ-012,vibracao,1.7,mm/s
2025-11-10,MAQ-012,temperatura,61.199,C
2025-11-10,MAQ-012,microparadas,3,qtd
2025-11-11,MAQ-012,vibracao,2.327,mm/s
2025-11-11,MAQ-012,temperatura,56.709,C
2025-11-11,MAQ-012,microparadas,2,qtd
2025-11-12,MAQ-012,vibracao,2.166,mm/s
2025-11-12,MAQ-012,temperatura,57.32,C
2025-11-12,MAQ-012,microparadas,2,qtd
2025-11-13,MAQ-012,vibracao,1.997,mm/s
2025-11-13,MAQ-012,temperatura,59.448,C
2025-11-13,MAQ-012,microparadas,2,qtd
2025-11-14,MAQ-012,vibracao,2.55,mm/s
2025-11-14,MAQ-012,temperatura,59.371,C
2025-11-14,MAQ-012,microparadas,0,qtd
2025-11-17,MAQ-012,vibracao,1.596,mm/s
2025-11-17,MAQ-012,temperatura,59.63,C
2025-11-17,MAQ-012,microparadas,0,qtd
2025-11-18,MAQ-012,vibracao,2.528,mm/s
2025-11-18,MAQ-012,temperatura,58.231,C
2025-11-18,MAQ-012,microparadas,2,qtd
2025-11-19,MAQ-012,vibracao,1.924,mm/s
2025-11-19,MAQ-012,temperatura,55.423,C
2025-11-19,MAQ-012,microparadas,3,qtd
2025-11-20,MAQ-012,vibracao,1.732,mm/s
2025-11-20,MAQ-012,temperatura,55.457,C
2025-11-20,MAQ-012,microparadas,2,qtd
2025-11-21,MAQ-012,vibracao,1.983,mm/s
2025-11-21,MAQ-012,temperatura,60.073,C
2025-11-21,MAQ-012,microparadas,2,qtd
2025-11-24,MAQ-012,vibracao,2.345,mm/s
2025-11-24,MAQ-012,temperatura,58.569,C
2025-11-24,MAQ-012,microparadas,0,qtd
2025-11-25,MAQ-012,vibracao,2.304,mm/s
2025-11-25,MAQ-012,temperatura,56.537,C
2025-11-25,MAQ-012,microparadas,3,qtd
2025-11-26,MAQ-012,vibracao,2.192,mm/s
2025-11-26,MAQ-012,temperatura,57.613,C
2025-11-26,MAQ-012,microparadas,5,qtd
2025-11-27,MAQ-012,vibracao,1.91,mm/s
2025-11-27,MAQ-012,temperatura,58.495,C
2025-11-27,MAQ-012,microparadas,3,qtd
2025-11-28,MAQ-012,vibracao,1.714,mm/s
2025-11-28,MAQ-012,temperatura,59.677,C
2025-11-28,MAQ-012,microparadas,1,qtd
2025-12-01,MAQ-012,vibracao,2.388,mm/s
2025-12-01,MAQ-012,temperatura,55.157,C
2025-12-01,MAQ-012,microparadas,0,qtd
2025-12-02,MAQ-012,vibracao,2.217,mm/s
2025-12-02,MAQ-012,temperatura,57.347,C
2025-12-02,MAQ-012,microparadas,2,qtd
2025-12-03,MAQ-012,vibracao,2.343,mm/s
2025-12-03,MAQ-012,temperatura,59.518,C
2025-12-03,MAQ-012,microparadas,5,qtd
2025-12-04,MAQ-012,vibracao,1.859,mm/s
2025-12-04,MAQ-012,temperatura,57.707,C
2025-12-04,MAQ-012,microparadas,2,qtd
2025-12-05,MAQ-012,vibracao,2.285,mm/s
2025-12-05,MAQ-012,temperatura,59.747,C
2025-12-05,MAQ-012,microparadas,1,qtd
2025-12-08,MAQ-012,vibracao,2.355,mm/s
2025-12-08,MAQ-012,temperatura,56.843,C
2025-12-08,MAQ-012,microparadas,0,qtd
2025-12-09,MAQ-012,vibracao,2.167,mm/s
2025-12-09,MAQ-012,temperatura,57.937,C
2025-12-09,MAQ-012,microparadas,0,qtd
2025-12-10,MAQ-012,vibracao,1.682,mm/s
2025-12-10,MAQ-012,temperatura,58.267,C
2025-12-10,MAQ-012,microparadas,2,qtd
2025-12-11,MAQ-012,vibracao,2.648,mm/s
2025-12-11,MAQ-012,temperatura,58.071,C
2025-12-11,MAQ-012,microparadas,1,qtd
2025-12-12,MAQ-012,vibracao,2.055,mm/s
2025-12-12,MAQ-012,temperatura,56.952,C
2025-12-12,MAQ-012,microparadas,1,qtd
2025-12-15,MAQ-012,vibracao,2.03,mm/s
2025-12-15,MAQ-012,temperatura,58.155,C
2025-12-15,MAQ-012,microparadas,1,qtd
2025-12-16,MAQ-012,vibracao,2.18,mm/s
2025-12-16,MAQ-012,temperatura,56.782,C
2025-12-16,MAQ-012,microparadas,1,qtd
2025-12-17,MAQ-012,vibracao,2.319,mm/s
2025-12-17,MAQ-012,temperatura,58.66,C
2025-12-17,MAQ-012,microparadas,0,qtd
2025-12-18,MAQ-012,vibracao,2.509,mm/s
2025-12-18,MAQ-012,temperatura,59.493,C
2025-12-18,MAQ-012,microparadas,1,qtd
2025-12-19,MAQ-012,vibracao,2.265,mm/s
2025-12-19,MAQ-012,temperatura,57.159,C
2025-12-19,MAQ-012,microparadas,2,qtd
2025-12-22,MAQ-012,vibracao,1.968,mm/s
2025-12-22,MAQ-012,temperatura,57.96,C
2025-12-22,MAQ-012,microparadas,1,qtd
2025-12-23,MAQ-012,vibracao,2.185,mm/s
2025-12-23,MAQ-012,temperatura,56.363,C
2025-12-23,MAQ-012,microparadas,4,qtd
2025-12-24,MAQ-012,vibracao,2.279,mm/s
2025-12-24,MAQ-012,temperatura,59.36,C
2025-12-24,MAQ-012,microparadas,3,qtd
2025-12-25,MAQ-012,vibracao,2.038,mm/s
2025-12-25,MAQ-012,temperatura,56.127,C
2025-12-25,MAQ-012,microparadas,2,qtd
2025-12-26,MAQ-012,vibracao,2.573,mm/s
2025-12-26,MAQ-012,temperatura,56.827,C
2025-12-26,MAQ-012,microparadas,4,qtd
2025-12-29,MAQ-012,vibracao,1.897,mm/s
2025-12-29,MAQ-012,temperatura,57.599,C
2025-12-29,MAQ-012,microparadas,1,qtd
2025-12-30,MAQ-012,vibracao,2.124,mm/s
2025-12-30,MAQ-012,temperatura,55.516,C
2025-12-30,MAQ-012,microparadas,4,qtd
2025-12-31,MAQ-012,vibracao,1.756,mm/s
2025-12-31,MAQ-012,temperatura,58.642,C
2025-12-31,MAQ-012,microparadas,1,qtd
2026-01-01,MAQ-012,vibracao,2.383,mm/s
2026-01-01,MAQ-012,temperatura,58.454,C
2026-01-01,MAQ-012,microparadas,2,qtd
2026-01-02,MAQ-012,vibracao,2.537,mm/s
2026-01-02,MAQ-012,temperatura,58.443,C
2026-01-02,MAQ-012,microparadas,0,qtd
2026-01-05,MAQ-012,vibracao,1.736,mm/s
2026-01-05,MAQ-012,temperatura,57.998,C
2026-01-05,MAQ-012,microparadas,2,qtd
2026-01-06,MAQ-012,vibracao,2.175,mm/s
2026-01-06,MAQ-012,temperatura,58.485,C
2026-01-06,MAQ-012,microparadas,1,qtd
2026-01-07,MAQ-012,vibracao,2.456,mm/s
2026-01-07,MAQ-012,temperatura,57.69,C
2026-01-07,MAQ-012,microparadas,0,qtd
2026-01-08,MAQ-012,vibracao,2.669,mm/s
2026-01-08,MAQ-012,temperatura,55.965,C
2026-01-08,MAQ-012,microparadas,1,qtd
2026-01-09,MAQ-012,vibracao,1.986,mm/s
2026-01-09,MAQ-012,temperatura,57.06,C
2026-01-09,MAQ-012,microparadas,0,qtd
2026-01-12,MAQ-012,vibracao,2.201,mm/s
2026-01-12,MAQ-012,temperatura,56.943,C
2026-01-12,MAQ-012,microparadas,1,qtd
2026-01-13,MAQ-012,vibracao,2.076,mm/s
2026-01-13,MAQ-012,temperatura,59.13,C
2026-01-13,MAQ-012,microparadas,2,qtd
2026-01-14,MAQ-012,vibracao,2.063,mm/s
2026-01-14,MAQ-012,temperatura,57.071,C
2026-01-14,MAQ-012,microparadas,0,qtd
2026-01-15,MAQ-012,vibracao,1.723,mm/s
2026-01-15,MAQ-012,temperatura,58.325,C
2026-01-15,MAQ-012,microparadas,1,qtd
2026-01-16,MAQ-012,vibracao,1.419,mm/s
2026-01-16,MAQ-012,temperatura,58.639,C
2026-01-16,MAQ-012,microparadas,0,qtd
2026-01-19,MAQ-012,vibracao,2.567,mm/s
2026-01-19,MAQ-012,temperatura,58.386,C
2026-01-19,MAQ-012,microparadas,0,qtd
2026-01-20,MAQ-012,vibracao,1.811,mm/s
2026-01-20,MAQ-012,temperatura,58.314,C
2026-01-20,MAQ-012,microparadas,3,qtd
2026-01-21,MAQ-012,vibracao,2.131,mm/s
2026-01-21,MAQ-012,temperatura,58.579,C
2026-01-21,MAQ-012,microparadas,1,qtd
2026-01-22,MAQ-012,vibracao,1.472,mm/s
2026-01-22,MAQ-012,temperatura,58.058,C
2026-01-22,MAQ-012,microparadas,3,qtd
2026-01-23,MAQ-012,vibracao,1.981,mm/s
2026-01-23,MAQ-012,temperatura,60.834,C
2026-01-23,MAQ-012,microparadas,2,qtd
2026-01-26,MAQ-012,vibracao,1.822,mm/s
2026-01-26,MAQ-012,temperatura,59.537,C
2026-01-26,MAQ-012,microparadas,1,qtd
2026-01-27,MAQ-012,vibracao,1.777,mm/s
2026-01-27,MAQ-012,temperatura,58.405,C
2026-01-27,MAQ-012,microparadas,4,qtd
2026-01-28,MAQ-012,vibracao,1.858,mm/s
2026-01-28,MAQ-012,temperatura,58.413,C
2026-01-28,MAQ-012,microparadas,1,qtd
2026-01-29,MAQ-012,vibracao,2.155,mm/s
2026-01-29,MAQ-012,temperatura,56.925,C
2026-01-29,MAQ-012,microparadas,3,qtd
2026-01-30,MAQ-012,vibracao,2.17,mm/s
2026-01-30,MAQ-012,temperatura,57.494,C
2026-01-30,MAQ-012,microparadas,4,qtd
2026-02-02,MAQ-012,vibracao,1.554,mm/s
2026-02-02,MAQ-012,temperatura,61.682,C
2026-02-02,MAQ-012,microparadas,3,qtd
2026-02-03,MAQ-012,vibracao,2.458,mm/s
2026-02-03,MAQ-012,temperatura,56.582,C
2026-02-03,MAQ-012,microparadas,2,qtd
2026-02-04,MAQ-012,vibracao,2.463,mm/s
2026-02-04,MAQ-012,temperatura,58.945,C
2026-02-04,MAQ-012,microparadas,1,qtd
2026-02-05,MAQ-012,vibracao,1.993,mm/s
2026-02-05,MAQ-012,temperatura,58.847,C
2026-02-05,MAQ-012,microparadas,3,qtd
2026-02-06,MAQ-012,vibracao,2.688,mm/s
2026-02-06,MAQ-012,temperatura,58.075,C
2026-02-06,MAQ-012,microparadas,3,qtd
2026-02-09,MAQ-012,vibracao,1.859,mm/s
2026-02-09,MAQ-012,temperatura,56.15,C
2026-02-09,MAQ-012,microparadas,0,qtd
2026-02-10,MAQ-012,vibracao,2.185,mm/s
2026-02-10,MAQ-012,temperatura,59.351,C
2026-02-10,MAQ-012,microparadas,2,qtd
2026-02-11,MAQ-012,vibracao,1.617,mm/s
2026-02-11,MAQ-012,temperatura,56.375,C
2026-02-11,MAQ-012,microparadas,3,qtd
2026-02-12,MAQ-012,vibracao,2.159,mm/s
2026-02-12,MAQ-012,temperatura,60.609,C
2026-02-12,MAQ-012,microparadas,2,qtd
2026-02-13,MAQ-012,vibracao,2.009,mm/s
2026-02-13,MAQ-012,temperatura,60.707,C
2026-02-13,MAQ-012,microparadas,1,qtd
2026-02-16,MAQ-012,vibracao,1.891,mm/s
2026-02-16,MAQ-012,temperatura,56.612,C
2026-02-16,MAQ-012,microparadas,2,qtd
2026-02-17,MAQ-012,vibracao,1.905,mm/s
2026-02-17,MAQ-012,temperatura,58.32,C
2026-02-17,MAQ-012,microparadas,0,qtd
2026-02-18,MAQ-012,vibracao,1.722,mm/s
2026-02-18,MAQ-012,temperatura,57.768,C
2026-02-18,MAQ-012,microparadas,2,qtd
2026-02-19,MAQ-012,vibracao,2.101,mm/s
2026-02-19,MAQ-012,temperatura,55.354,C
2026-02-19,MAQ-012,microparadas,2,qtd
2026-02-20,MAQ-012,vibracao,1.998,mm/s
2026-02-20,MAQ-012,temperatura,57.781,C
2026-02-20,MAQ-012,microparadas,5,qtd
2026-02-23,MAQ-012,vibracao,2.468,mm/s
2026-02-23,MAQ-012,temperatura,58.569,C
2026-02-23,MAQ-012,microparadas,3,qtd
2026-02-24,MAQ-012,vibracao,1.929,mm/s
2026-02-24,MAQ-012,temperatura,61.361,C
2026-02-24,MAQ-012,microparadas,1,qtd
2026-02-25,MAQ-012,vibracao,2.498,mm/s
2026-02-25,MAQ-012,temperatura,58.963,C
2026-02-25,MAQ-012,microparadas,1,qtd
2026-02-26,MAQ-012,vibracao,2.201,mm/s
2026-02-26,MAQ-012,temperatura,60.725,C
2026-02-26,MAQ-012,microparadas,0,qtd
2026-02-27,MAQ-012,vibracao,1.671,mm/s
2026-02-27,MAQ-012,temperatura,60.077,C
2026-02-27,MAQ-012,microparadas,3,qtd
2026-03-02,MAQ-012,vibracao,1.805,mm/s
2026-03-02,MAQ-012,temperatura,56.338,C
2026-03-02,MAQ-012,microparadas,4,qtd
2026-03-03,MAQ-012,vibracao,2.289,mm/s
2026-03-03,MAQ-012,temperatura,56.472,C
2026-03-03,MAQ-012,microparadas,2,qtd
2026-03-04,MAQ-012,vibracao,2.46,mm/s
2026-03-04,MAQ-012,temperatura,59.034,C
2026-03-04,MAQ-012,microparadas,1,qtd
2026-03-05,MAQ-012,vibracao,2.559,mm/s
2026-03-05,MAQ-012,temperatura,57.487,C
2026-03-05,MAQ-012,microparadas,0,qtd
2026-03-06,MAQ-012,vibracao,1.807,mm/s
2026-03-06,MAQ-012,temperatura,59.928,C
2026-03-06,MAQ-012,microparadas,0,qtd
2026-03-09,MAQ-012,vibracao,1.914,mm/s
2026-03-09,MAQ-012,temperatura,58.128,C
2026-03-09,MAQ-012,microparadas,2,qtd
2026-03-10,MAQ-012,vibracao,2.12,mm/s
2026-03-10,MAQ-012,temperatura,57.615,C
2026-03-10,MAQ-012,microparadas,2,qtd
2026-03-11,MAQ-012,vibracao,1.937,mm/s
2026-03-11,MAQ-012,temperatura,58.516,C
2026-03-11,MAQ-012,microparadas,1,qtd
2026-03-12,MAQ-012,vibracao,1.644,mm/s
2026-03-12,MAQ-012,temperatura,58.986,C
2026-03-12,MAQ-012,microparadas,1,qtd
2026-03-13,MAQ-012,vibracao,2.502,mm/s
2026-03-13,MAQ-012,temperatura,58.738,C
2026-03-13,MAQ-012,microparadas,0,qtd
2026-03-16,MAQ-012,vibracao,1.933,mm/s
2026-03-16,MAQ-012,temperatura,60.08,C
2026-03-16,MAQ-012,microparadas,3,qtd
2026-03-17,MAQ-012,vibracao,2.103,mm/s
2026-03-17,MAQ-012,temperatura,56.984,C
2026-03-17,MAQ-012,microparadas,1,qtd
2026-03-18,MAQ-012,vibracao,2.288,mm/s
2026-03-18,MAQ-012,temperatura,58.09,C
2026-03-18,MAQ-012,microparadas,0,qtd
2026-03-19,MAQ-012,vibracao,2.009,mm/s
2026-03-19,MAQ-012,temperatura,57.648,C
2026-03-19,MAQ-012,microparadas,0,qtd
2026-03-20,MAQ-012,vibracao,1.531,mm/s
2026-03-20,MAQ-012,temperatura,56.367,C
2026-03-20,MAQ-012,microparadas,1,qtd
2026-03-23,MAQ-012,vibracao,2.202,mm/s
2026-03-23,MAQ-012,temperatura,56.686,C
2026-03-23,MAQ-012,microparadas,2,qtd
2026-03-24,MAQ-012,vibracao,2.313,mm/s
2026-03-24,MAQ-012,temperatura,58.014,C
2026-03-24,MAQ-012,microparadas,0,qtd
2026-03-25,MAQ-012,vibracao,2.247,mm/s
2026-03-25,MAQ-012,temperatura,56.388,C
2026-03-25,MAQ-012,microparadas,0,qtd
2026-03-26,MAQ-012,vibracao,1.881,mm/s
2026-03-26,MAQ-012,temperatura,59.955,C
2026-03-26,MAQ-012,microparadas,2,qtd
2026-03-27,MAQ-012,vibracao,2.368,mm/s
2026-03-27,MAQ-012,temperatura,58.067,C
2026-03-27,MAQ-012,microparadas,3,qtd
2026-03-30,MAQ-012,vibracao,1.878,mm/s
2026-03-30,MAQ-012,temperatura,55.942,C
2026-03-30,MAQ-012,microparadas,3,qtd
2026-03-31,MAQ-012,vibracao,1.271,mm/s
2026-03-31,MAQ-012,temperatura,58.482,C
2026-03-31,MAQ-012,microparadas,4,qtd
2026-04-01,MAQ-012,vibracao,1.841,mm/s
2026-04-01,MAQ-012,temperatura,56.409,C
2026-04-01,MAQ-012,microparadas,1,qtd
2026-04-02,MAQ-012,vibracao,2.149,mm/s
2026-04-02,MAQ-012,temperatura,58.604,C
2026-04-02,MAQ-012,microparadas,0,qtd
2026-04-03,MAQ-012,vibracao,1.941,mm/s
2026-04-03,MAQ-012,temperatura,59.131,C
2026-04-03,MAQ-012,microparadas,0,qtd
2026-04-06,MAQ-012,vibracao,2.069,mm/s
2026-04-06,MAQ-012,temperatura,56.737,C
2026-04-06,MAQ-012,microparadas,3,qtd
2026-04-07,MAQ-012,vibracao,1.94,mm/s
2026-04-07,MAQ-012,temperatura,57.904,C
2026-04-07,MAQ-012,microparadas,1,qtd
2026-04-08,MAQ-012,vibracao,2.097,mm/s
2026-04-08,MAQ-012,temperatura,57.587,C
2026-04-08,MAQ-012,microparadas,0,qtd
2026-04-09,MAQ-012,vibracao,1.98,mm/s
2026-04-09,MAQ-012,temperatura,59.03,C
2026-04-09,MAQ-012,microparadas,0,qtd
2026-04-10,MAQ-012,vibracao,2.519,mm/s
2026-04-10,MAQ-012,temperatura,57.905,C
2026-04-10,MAQ-012,microparadas,3,qtd
2026-04-13,MAQ-012,vibracao,2.013,mm/s
2026-04-13,MAQ-012,temperatura,59.15,C
2026-04-13,MAQ-012,microparadas,2,qtd
2026-04-14,MAQ-012,vibracao,2.233,mm/s
2026-04-14,MAQ-012,temperatura,59.128,C
2026-04-14,MAQ-012,microparadas,3,qtd
2026-04-15,MAQ-012,vibracao,1.943,mm/s
2026-04-15,MAQ-012,temperatura,55.43,C
2026-04-15,MAQ-012,microparadas,4,qtd
2026-04-16,MAQ-012,vibracao,2.197,mm/s
2026-04-16,MAQ-012,temperatura,59.955,C
2026-04-16,MAQ-012,microparadas,2,qtd
2026-04-17,MAQ-012,vibracao,2.095,mm/s
2026-04-17,MAQ-012,temperatura,58.79,C
2026-04-17,MAQ-012,microparadas,2,qtd
2026-04-20,MAQ-012,vibracao,1.848,mm/s
2026-04-20,MAQ-012,temperatura,58.603,C
2026-04-20,MAQ-012,microparadas,0,qtd
2026-04-21,MAQ-012,vibracao,2.358,mm/s
2026-04-21,MAQ-012,temperatura,56.144,C
2026-04-21,MAQ-012,microparadas,1,qtd
2026-04-22,MAQ-012,vibracao,2.131,mm/s
2026-04-22,MAQ-012,temperatura,59.512,C
2026-04-22,MAQ-012,microparadas,0,qtd
2026-04-23,MAQ-012,vibracao,2.343,mm/s
2026-04-23,MAQ-012,temperatura,57.962,C
2026-04-23,MAQ-012,microparadas,0,qtd
2026-04-24,MAQ-012,vibracao,2.124,mm/s
2026-04-24,MAQ-012,temperatura,57.208,C
2026-04-24,MAQ-012,microparadas,1,qtd
2026-04-27,MAQ-012,vibracao,2.193,mm/s
2026-04-27,MAQ-012,temperatura,59.827,C
2026-04-27,MAQ-012,microparadas,2,qtd
2026-04-28,MAQ-012,vibracao,1.975,mm/s
2026-04-28,MAQ-012,temperatura,56.829,C
2026-04-28,MAQ-012,microparadas,2,qtd
2026-04-29,MAQ-012,vibracao,2.421,mm/s
2026-04-29,MAQ-012,temperatura,57.741,C
2026-04-29,MAQ-012,microparadas,0,qtd
2026-04-30,MAQ-012,vibracao,1.879,mm/s
2026-04-30,MAQ-012,temperatura,56.617,C
2026-04-30,MAQ-012,microparadas,0,qtd
2026-05-01,MAQ-012,vibracao,1.901,mm/s
2026-05-01,MAQ-012,temperatura,58.179,C
2026-05-01,MAQ-012,microparadas,1,qtd
2026-05-04,MAQ-012,vibracao,2.293,mm/s
2026-05-04,MAQ-012,temperatura,57.2,C
2026-05-04,MAQ-012,microparadas,4,qtd
2026-05-05,MAQ-012,vibracao,2.621,mm/s
2026-05-05,MAQ-012,temperatura,59.002,C
2026-05-05,MAQ-012,microparadas,5,qtd
2026-05-06,MAQ-012,vibracao,2.148,mm/s
2026-05-06,MAQ-012,temperatura,58.277,C
2026-05-06,MAQ-012,microparadas,1,qtd
2026-05-07,MAQ-012,vibracao,1.899,mm/s
2026-05-07,MAQ-012,temperatura,57.89,C
2026-05-07,MAQ-012,microparadas,2,qtd
2026-05-08,MAQ-012,vibracao,2.003,mm/s
2026-05-08,MAQ-012,temperatura,57.457,C
2026-05-08,MAQ-012,microparadas,3,qtd
2026-05-11,MAQ-012,vibracao,1.926,mm/s
2026-05-11,MAQ-012,temperatura,54.598,C
2026-05-11,MAQ-012,microparadas,2,qtd
2026-05-12,MAQ-012,vibracao,2.184,mm/s
2026-05-12,MAQ-012,temperatura,56.186,C
2026-05-12,MAQ-012,microparadas,3,qtd
2026-05-13,MAQ-012,vibracao,1.814,mm/s
2026-05-13,MAQ-012,temperatura,58.305,C
2026-05-13,MAQ-012,microparadas,4,qtd
2026-05-14,MAQ-012,vibracao,2.059,mm/s
2026-05-14,MAQ-012,temperatura,60.697,C
2026-05-14,MAQ-012,microparadas,1,qtd
2026-05-15,MAQ-012,vibracao,2.357,mm/s
2026-05-15,MAQ-012,temperatura,58.293,C
2026-05-15,MAQ-012,microparadas,5,qtd
2026-05-18,MAQ-012,vibracao,2.106,mm/s
2026-05-18,MAQ-012,temperatura,61.06,C
2026-05-18,MAQ-012,microparadas,1,qtd
2026-05-19,MAQ-012,vibracao,1.966,mm/s
2026-05-19,MAQ-012,temperatura,55.577,C
2026-05-19,MAQ-012,microparadas,3,qtd
2026-05-20,MAQ-012,vibracao,1.88,mm/s
2026-05-20,MAQ-012,temperatura,58.477,C
2026-05-20,MAQ-012,microparadas,1,qtd
2026-05-21,MAQ-012,vibracao,2.215,mm/s
2026-05-21,MAQ-012,temperatura,57.323,C
2026-05-21,MAQ-012,microparadas,0,qtd
2026-05-22,MAQ-012,vibracao,2.436,mm/s
2026-05-22,MAQ-012,temperatura,59.52,C
2026-05-22,MAQ-012,microparadas,3,qtd
2026-05-25,MAQ-012,vibracao,2.395,mm/s
2026-05-25,MAQ-012,temperatura,59.078,C
2026-05-25,MAQ-012,microparadas,0,qtd
2026-05-26,MAQ-012,vibracao,2.03,mm/s
2026-05-26,MAQ-012,temperatura,59.012,C
2026-05-26,MAQ-012,microparadas,2,qtd
2026-05-27,MAQ-012,vibracao,2.575,mm/s
2026-05-27,MAQ-012,temperatura,58.415,C
2026-05-27,MAQ-012,microparadas,2,qtd
2026-05-28,MAQ-012,vibracao,1.948,mm/s
2026-05-28,MAQ-012,temperatura,57.307,C
2026-05-28,MAQ-012,microparadas,1,qtd
2026-05-29,MAQ-012,vibracao,2.192,mm/s
2026-05-29,MAQ-012,temperatura,59.725,C
2026-05-29,MAQ-012,microparadas,0,qtd
2026-06-01,MAQ-012,vibracao,2.189,mm/s
2026-06-01,MAQ-012,temperatura,58.379,C
2026-06-01,MAQ-012,microparadas,2,qtd
2026-06-02,MAQ-012,vibracao,1.928,mm/s
2026-06-02,MAQ-012,temperatura,59.008,C
2026-06-02,MAQ-012,microparadas,0,qtd
2026-06-03,MAQ-012,vibracao,1.727,mm/s
2026-06-03,MAQ-012,temperatura,59.206,C
2026-06-03,MAQ-012,microparadas,1,qtd
2026-06-04,MAQ-012,vibracao,2.173,mm/s
2026-06-04,MAQ-012,temperatura,57.379,C
2026-06-04,MAQ-012,microparadas,1,qtd
2026-06-05,MAQ-012,vibracao,2.055,mm/s
2026-06-05,MAQ-012,temperatura,58.021,C
2026-06-05,MAQ-012,microparadas,1,qtd
2026-06-08,MAQ-012,vibracao,1.839,mm/s
2026-06-08,MAQ-012,temperatura,56.833,C
2026-06-08,MAQ-012,microparadas,2,qtd
2026-06-09,MAQ-012,vibracao,2.207,mm/s
2026-06-09,MAQ-012,temperatura,57.934,C
2026-06-09,MAQ-012,microparadas,4,qtd
2026-06-10,MAQ-012,vibracao,2.287,mm/s
2026-06-10,MAQ-012,temperatura,59.635,C
2026-06-10,MAQ-012,microparadas,5,qtd
2026-06-11,MAQ-012,vibracao,2.385,mm/s
2026-06-11,MAQ-012,temperatura,57.367,C
2026-06-11,MAQ-012,microparadas,2,qtd
2026-06-12,MAQ-012,vibracao,2.281,mm/s
2026-06-12,MAQ-012,temperatura,59.451,C
2026-06-12,MAQ-012,microparadas,2,qtd
2026-06-15,MAQ-012,vibracao,1.661,mm/s
2026-06-15,MAQ-012,temperatura,61.045,C
2026-06-15,MAQ-012,microparadas,2,qtd
2026-06-16,MAQ-012,vibracao,1.75,mm/s
2026-06-16,MAQ-012,temperatura,57.004,C
2026-06-16,MAQ-012,microparadas,5,qtd
2026-06-17,MAQ-012,vibracao,2.016,mm/s
2026-06-17,MAQ-012,temperatura,58.772,C
2026-06-17,MAQ-012,microparadas,0,qtd
2026-06-18,MAQ-012,vibracao,2.244,mm/s
2026-06-18,MAQ-012,temperatura,57.947,C
2026-06-18,MAQ-012,microparadas,1,qtd
2026-06-19,MAQ-012,vibracao,1.852,mm/s
2026-06-19,MAQ-012,temperatura,57.812,C
2026-06-19,MAQ-012,microparadas,3,qtd
2026-06-22,MAQ-012,vibracao,1.976,mm/s
2026-06-22,MAQ-012,temperatura,57.244,C
2026-06-22,MAQ-012,microparadas,1,qtd
2026-06-23,MAQ-012,vibracao,1.849,mm/s
2026-06-23,MAQ-012,temperatura,57.403,C
2026-06-23,MAQ-012,microparadas,2,qtd
2026-06-24,MAQ-012,vibracao,2.302,mm/s
2026-06-24,MAQ-012,temperatura,55.587,C
2026-06-24,MAQ-012,microparadas,1,qtd
2026-06-25,MAQ-012,vibracao,2.197,mm/s
2026-06-25,MAQ-012,temperatura,55.554,C
2026-06-25,MAQ-012,microparadas,2,qtd
2026-06-26,MAQ-012,vibracao,1.953,mm/s
2026-06-26,MAQ-012,temperatura,59.168,C
2026-06-26,MAQ-012,microparadas,3,qtd
2026-06-29,MAQ-012,vibracao,2.001,mm/s
2026-06-29,MAQ-012,temperatura,56.676,C
2026-06-29,MAQ-012,microparadas,2,qtd
2026-06-30,MAQ-012,vibracao,2.196,mm/s
2026-06-30,MAQ-012,temperatura,56.825,C
2026-06-30,MAQ-012,microparadas,1,qtd
2026-07-01,MAQ-012,vibracao,2.31,mm/s
2026-07-01,MAQ-012,temperatura,57.285,C
2026-07-01,MAQ-012,microparadas,0,qtd
2026-07-02,MAQ-012,vibracao,2.5,mm/s
2026-07-02,MAQ-012,temperatura,57.962,C
2026-07-02,MAQ-012,microparadas,1,qtd
2026-07-03,MAQ-012,vibracao,1.361,mm/s
2026-07-03,MAQ-012,temperatura,56.876,C
2026-07-03,MAQ-012,microparadas,0,qtd
2026-07-06,MAQ-012,vibracao,1.857,mm/s
2026-07-06,MAQ-012,temperatura,56.778,C
2026-07-06,MAQ-012,microparadas,2,qtd
2026-07-07,MAQ-012,vibracao,2.782,mm/s
2026-07-07,MAQ-012,temperatura,57.811,C
2026-07-07,MAQ-012,microparadas,2,qtd
2026-07-08,MAQ-012,vibracao,2.197,mm/s
2026-07-08,MAQ-012,temperatura,57.032,C
2026-07-08,MAQ-012,microparadas,2,qtd
2026-07-09,MAQ-012,vibracao,2.262,mm/s
2026-07-09,MAQ-012,temperatura,61.912,C
2026-07-09,MAQ-012,microparadas,2,qtd
2026-07-10,MAQ-012,vibracao,1.988,mm/s
2026-07-10,MAQ-012,temperatura,57.736,C
2026-07-10,MAQ-012,microparadas,3,qtd
2026-07-13,MAQ-012,vibracao,2.382,mm/s
2026-07-13,MAQ-012,temperatura,58.501,C
2026-07-13,MAQ-012,microparadas,2,qtd
2026-07-14,MAQ-012,vibracao,3.009,mm/s
2026-07-14,MAQ-012,temperatura,58.085,C
2026-07-14,MAQ-012,microparadas,3,qtd
2026-07-15,MAQ-012,vibracao,2.736,mm/s
2026-07-15,MAQ-012,temperatura,58.69,C
2026-07-15,MAQ-012,microparadas,1,qtd
2026-07-16,MAQ-012,vibracao,2.708,mm/s
2026-07-16,MAQ-012,temperatura,57.864,C
2026-07-16,MAQ-012,microparadas,3,qtd
2026-07-17,MAQ-012,vibracao,2.307,mm/s
2026-07-17,MAQ-012,temperatura,59.858,C
2026-07-17,MAQ-012,microparadas,4,qtd
2026-07-20,MAQ-012,vibracao,2.823,mm/s
2026-07-20,MAQ-012,temperatura,61.77,C
2026-07-20,MAQ-012,microparadas,3,qtd
2026-07-21,MAQ-012,vibracao,2.467,mm/s
2026-07-21,MAQ-012,temperatura,59.068,C
2026-07-21,MAQ-012,microparadas,4,qtd
2026-07-22,MAQ-012,vibracao,2.685,mm/s
2026-07-22,MAQ-012,temperatura,60.926,C
2026-07-22,MAQ-012,microparadas,2,qtd
2026-07-23,MAQ-012,vibracao,2.501,mm/s
2026-07-23,MAQ-012,temperatura,60.784,C
2026-07-23,MAQ-012,microparadas,3,qtd
2026-07-24,MAQ-012,vibracao,2.577,mm/s
2026-07-24,MAQ-012,temperatura,59.723,C
2026-07-24,MAQ-012,microparadas,3,qtd
2026-07-27,MAQ-012,vibracao,2.762,mm/s
2026-07-27,MAQ-012,temperatura,59.093,C
2026-07-27,MAQ-012,microparadas,4,qtd
2026-07-28,MAQ-012,vibracao,3.696,mm/s
2026-07-28,MAQ-012,temperatura,61.65,C
2026-07-28,MAQ-012,microparadas,3,qtd
2026-07-29,MAQ-012,vibracao,2.515,mm/s
2026-07-29,MAQ-012,temperatura,60.698,C
2026-07-29,MAQ-012,microparadas,4,qtd
2026-07-30,MAQ-012,vibracao,3.038,mm/s
2026-07-30,MAQ-012,temperatura,59.118,C
2026-07-30,MAQ-012,microparadas,1,qtd
2026-07-31,MAQ-012,vibracao,3.184,mm/s
2026-07-31,MAQ-012,temperatura,60.805,C
2026-07-31,MAQ-012,microparadas,2,qtd
2026-08-03,MAQ-012,vibracao,3.217,mm/s
2026-08-03,MAQ-012,temperatura,61.384,C
2026-08-03,MAQ-012,microparadas,5,qtd
2026-08-04,MAQ-012,vibracao,2.554,mm/s
2026-08-04,MAQ-012,temperatura,61.409,C
2026-08-04,MAQ-012,microparadas,5,qtd
2026-08-05,MAQ-012,vibracao,3.484,mm/s
2026-08-05,MAQ-012,temperatura,60.977,C
2026-08-05,MAQ-012,microparadas,2,qtd
2026-08-06,MAQ-012,vibracao,2.806,mm/s
2026-08-06,MAQ-012,temperatura,58.477,C
2026-08-06,MAQ-012,microparadas,3,qtd
2026-08-07,MAQ-012,vibracao,2.858,mm/s
2026-08-07,MAQ-012,temperatura,63.38,C
2026-08-07,MAQ-012,microparadas,5,qtd
2026-08-10,MAQ-012,vibracao,2.902,mm/s
2026-08-10,MAQ-012,temperatura,61.505,C
2026-08-10,MAQ-012,microparadas,6,qtd
2026-08-11,MAQ-012,vibracao,3.709,mm/s
2026-08-11,MAQ-012,temperatura,61.897,C
2026-08-11,MAQ-012,microparadas,5,qtd
2026-08-12,MAQ-012,vibracao,2.424,mm/s
2026-08-12,MAQ-012,temperatura,61.696,C
2026-08-12,MAQ-012,microparadas,5,qtd
2026-08-13,MAQ-012,vibracao,3.117,mm/s
2026-08-13,MAQ-012,temperatura,63.127,C
2026-08-13,MAQ-012,microparadas,7,qtd
2026-08-14,MAQ-012,vibracao,3.009,mm/s
2026-08-14,MAQ-012,temperatura,61.755,C
2026-08-14,MAQ-012,microparadas,5,qtd
2026-08-17,MAQ-012,vibracao,3.132,mm/s
2026-08-17,MAQ-012,temperatura,60.609,C
2026-08-17,MAQ-012,microparadas,4,qtd
2026-08-18,MAQ-012,vibracao,3.604,mm/s
2026-08-18,MAQ-012,temperatura,61.858,C
2026-08-18,MAQ-012,microparadas,3,qtd
2026-08-19,MAQ-012,vibracao,3.611,mm/s
2026-08-19,MAQ-012,temperatura,64.084,C
2026-08-19,MAQ-012,microparadas,6,qtd
2026-08-20,MAQ-012,vibracao,3.467,mm/s
2026-08-20,MAQ-012,temperatura,61.941,C
2026-08-20,MAQ-012,microparadas,3,qtd
2026-08-21,MAQ-012,vibracao,3.643,mm/s
2026-08-21,MAQ-012,temperatura,61.684,C
2026-08-21,MAQ-012,microparadas,5,qtd
2026-08-24,MAQ-012,vibracao,3.838,mm/s
2026-08-24,MAQ-012,temperatura,63.419,C
2026-08-24,MAQ-012,microparadas,5,qtd
2026-08-25,MAQ-012,vibracao,2.998,mm/s
2026-08-25,MAQ-012,temperatura,62.169,C
2026-08-25,MAQ-012,microparadas,5,qtd
2026-08-26,MAQ-012,vibracao,3.763,mm/s
2026-08-26,MAQ-012,temperatura,61.578,C
2026-08-26,MAQ-012,microparadas,8,qtd
2026-08-27,MAQ-012,vibracao,3.632,mm/s
2026-08-27,MAQ-012,temperatura,61.6,C
2026-08-27,MAQ-012,microparadas,7,qtd
2026-08-28,MAQ-012,vibracao,3.802,mm/s
2026-08-28,MAQ-012,temperatura,62.815,C
2026-08-28,MAQ-012,microparadas,7,qtd
2026-08-31,MAQ-012,vibracao,3.887,mm/s
2026-08-31,MAQ-012,temperatura,63.861,C
2026-08-31,MAQ-012,microparadas,6,qtd
2026-09-01,MAQ-012,vibracao,3.689,mm/s
2026-09-01,MAQ-012,temperatura,64.149,C
2026-09-01,MAQ-012,microparadas,7,qtd
2026-09-02,MAQ-012,vibracao,4.155,mm/s
2026-09-02,MAQ-012,temperatura,63.443,C
2026-09-02,MAQ-012,microparadas,6,qtd
2026-09-03,MAQ-012,vibracao,3.435,mm/s
2026-09-03,MAQ-012,temperatura,64.489,C
2026-09-03,MAQ-012,microparadas,6,qtd
2026-09-04,MAQ-012,vibracao,3.722,mm/s
2026-09-04,MAQ-012,temperatura,65.012,C
2026-09-04,MAQ-012,microparadas,7,qtd
2026-09-07,MAQ-012,vibracao,3.973,mm/s
2026-09-07,MAQ-012,temperatura,64.666,C
2026-09-07,MAQ-012,microparadas,5,qtd
2026-09-08,MAQ-012,vibracao,4.354,mm/s
2026-09-08,MAQ-012,temperatura,66.346,C
2026-09-08,MAQ-012,microparadas,6,qtd
2026-09-09,MAQ-012,vibracao,4.506,mm/s
2026-09-09,MAQ-012,temperatura,64.167,C
2026-09-09,MAQ-012,microparadas,8,qtd
2026-09-10,MAQ-012,vibracao,3.967,mm/s
2026-09-10,MAQ-012,temperatura,63.712,C
2026-09-10,MAQ-012,microparadas,4,qtd
2026-09-11,MAQ-012,vibracao,3.781,mm/s
2026-09-11,MAQ-012,temperatura,63.29,C
2026-09-11,MAQ-012,microparadas,3,qtd
2026-09-14,MAQ-012,vibracao,3.915,mm/s
2026-09-14,MAQ-012,temperatura,66.546,C
2026-09-14,MAQ-012,microparadas,5,qtd
2026-09-15,MAQ-012,vibracao,4.257,mm/s
2026-09-15,MAQ-012,temperatura,64.356,C
2026-09-15,MAQ-012,microparadas,7,qtd
2026-09-16,MAQ-012,vibracao,4.212,mm/s
2026-09-16,MAQ-012,temperatura,66.784,C
2026-09-16,MAQ-012,microparadas,7,qtd
2026-09-17,MAQ-012,vibracao,4.304,mm/s
2026-09-17,MAQ-012,temperatura,63.004,C
2026-09-17,MAQ-012,microparadas,5,qtd
2026-09-18,MAQ-012,vibracao,4.053,mm/s
2026-09-18,MAQ-012,temperatura,65.47,C
2026-09-18,MAQ-012,microparadas,7,qtd
2026-09-21,MAQ-012,vibracao,4.376,mm/s
2026-09-21,MAQ-012,temperatura,64.817,C
2026-09-21,MAQ-012,microparadas,6,qtd
2026-09-22,MAQ-012,vibracao,4.903,mm/s
2026-09-22,MAQ-012,temperatura,64.252,C
2026-09-22,MAQ-012,microparadas,6,qtd
2026-09-23,MAQ-012,vibracao,4.519,mm/s
2026-09-23,MAQ-012,temperatura,65.463,C
2026-09-23,MAQ-012,microparadas,9,qtd
2026-09-24,MAQ-012,vibracao,4.352,mm/s
2026-09-24,MAQ-012,temperatura,70.357,C
2026-09-24,MAQ-012,microparadas,8,qtd
2026-09-25,MAQ-012,vibracao,4.506,mm/s
2026-09-25,MAQ-012,temperatura,66.5,C
2026-09-25,MAQ-012,microparadas,9,qtd
2026-09-28,MAQ-012,vibracao,4.666,mm/s
2026-09-28,MAQ-012,temperatura,64.891,C
2026-09-28,MAQ-012,microparadas,10,qtd
2026-09-29,MAQ-012,vibracao,4.083,mm/s
2026-09-29,MAQ-012,temperatura,64.811,C
2026-09-29,MAQ-012,microparadas,7,qtd
2026-09-30,MAQ-012,vibracao,4.88,mm/s
2026-09-30,MAQ-012,temperatura,66.664,C
2026-09-30,MAQ-012,microparadas,8,qtd
2026-10-01,MAQ-012,vibracao,4.468,mm/s
2026-10-01,MAQ-012,temperatura,66.243,C
2026-10-01,MAQ-012,microparadas,9,qtd
2026-10-02,MAQ-012,vibracao,4.691,mm/s
2026-10-02,MAQ-012,temperatura,66.117,C
2026-10-02,MAQ-012,microparadas,11,qtd
2026-10-05,MAQ-012,vibracao,4.953,mm/s
2026-10-05,MAQ-012,temperatura,65.393,C
2026-10-05,MAQ-012,microparadas,9,qtd
2026-10-06,MAQ-012,vibracao,4.493,mm/s
2026-10-06,MAQ-012,temperatura,67.926,C
2026-10-06,MAQ-012,microparadas,8,qtd
2026-10-07,MAQ-012,vibracao,4.798,mm/s
2026-10-07,MAQ-012,temperatura,65.175,C
2026-10-07,MAQ-012,microparadas,10,qtd
2026-10-08,MAQ-012,vibracao,4.585,mm/s
2026-10-08,MAQ-012,temperatura,65.684,C
2026-10-08,MAQ-012,microparadas,12,qtd
2026-10-09,MAQ-012,vibracao,5.076,mm/s
2026-10-09,MAQ-012,temperatura,68.726,C
2026-10-09,MAQ-012,microparadas,9,qtd
2026-10-12,MAQ-012,vibracao,4.894,mm/s
2026-10-12,MAQ-012,temperatura,66.093,C
2026-10-12,MAQ-012,microparadas,10,qtd
2026-10-13,MAQ-012,vibracao,4.737,mm/s
2026-10-13,MAQ-012,temperatura,69.6,C
2026-10-13,MAQ-012,microparadas,8,qtd
2026-10-14,MAQ-012,vibracao,4.597,mm/s
2026-10-14,MAQ-012,temperatura,67.205,C
2026-10-14,MAQ-012,microparadas,10,qtd
2026-10-15,MAQ-012,vibracao,4.72,mm/s
2026-10-15,MAQ-012,temperatura,65.898,C
2026-10-15,MAQ-012,microparadas,11,qtd
2026-10-16,MAQ-012,vibracao,5.014,mm/s
2026-10-16,MAQ-012,temperatura,67.513,C
2026-10-16,MAQ-012,microparadas,9,qtd
2026-10-19,MAQ-012,vibracao,2.307,mm/s
2026-10-19,MAQ-012,temperatura,61.243,C
2026-10-19,MAQ-012,microparadas,3,qtd
2026-10-20,MAQ-012,vibracao,3.362,mm/s
2026-10-20,MAQ-012,temperatura,61.381,C
2026-10-20,MAQ-012,microparadas,4,qtd
2026-10-21,MAQ-012,vibracao,2.781,mm/s
2026-10-21,MAQ-012,temperatura,62.523,C
2026-10-21,MAQ-012,microparadas,4,qtd
2026-10-22,MAQ-012,vibracao,2.37,mm/s
2026-10-22,MAQ-012,temperatura,59.545,C
2026-10-22,MAQ-012,microparadas,1,qtd
2026-10-23,MAQ-012,vibracao,2.385,mm/s
2026-10-23,MAQ-012,temperatura,57.624,C
2026-10-23,MAQ-012,microparadas,2,qtd
2026-10-26,MAQ-012,vibracao,2.599,mm/s
2026-10-26,MAQ-012,temperatura,59.621,C
2026-10-26,MAQ-012,microparadas,0,qtd
2026-10-27,MAQ-012,vibracao,2.834,mm/s
2026-10-27,MAQ-012,temperatura,62.088,C
2026-10-27,MAQ-012,microparadas,1,qtd
2026-10-28,MAQ-012,vibracao,2.783,mm/s
2026-10-28,MAQ-012,temperatura,59.718,C
2026-10-28,MAQ-012,microparadas,2,qtd
2026-10-29,MAQ-012,vibracao,2.89,mm/s
2026-10-29,MAQ-012,temperatura,58.214,C
2026-10-29,MAQ-012,microparadas,5,qtd
2026-10-30,MAQ-012,vibracao,2.627,mm/s
2026-10-30,MAQ-012,temperatura,58.094,C
2026-10-30,MAQ-012,microparadas,3,qtd
2026-11-02,MAQ-012,vibracao,2.701,mm/s
2026-11-02,MAQ-012,temperatura,56.623,C
2026-11-02,MAQ-012,microparadas,4,qtd
2026-11-03,MAQ-012,vibracao,2.349,mm/s
2026-11-03,MAQ-012,temperatura,61.579,C
2026-11-03,MAQ-012,microparadas,3,qtd
2026-11-04,MAQ-012,vibracao,2.499,mm/s
2026-11-04,MAQ-012,temperatura,60.143,C
2026-11-04,MAQ-012,microparadas,4,qtd
2026-11-05,MAQ-012,vibracao,2.997,mm/s
2026-11-05,MAQ-012,temperatura,57.694,C
2026-11-05,MAQ-012,microparadas,5,qtd
2026-11-06,MAQ-012,vibracao,2.71,mm/s
2026-11-06,MAQ-012,temperatura,60.49,C
2026-11-06,MAQ-012,microparadas,5,qtd
2026-11-09,MAQ-012,vibracao,3.06,mm/s
2026-11-09,MAQ-012,temperatura,61.658,C
2026-11-09,MAQ-012,microparadas,0,qtd
2026-11-10,MAQ-012,vibracao,2.608,mm/s
2026-11-10,MAQ-012,temperatura,58.491,C
2026-11-10,MAQ-012,microparadas,4,qtd
2026-11-11,MAQ-012,vibracao,2.686,mm/s
2026-11-11,MAQ-012,temperatura,63.264,C
2026-11-11,MAQ-012,microparadas,1,qtd
2026-11-12,MAQ-012,vibracao,2.599,mm/s
2026-11-12,MAQ-012,temperatura,60.25,C
2026-11-12,MAQ-012,microparadas,3,qtd
2026-11-13,MAQ-012,vibracao,2.289,mm/s
2026-11-13,MAQ-012,temperatura,59.151,C
2026-11-13,MAQ-012,microparadas,1,qtd
2026-11-16,MAQ-012,vibracao,2.523,mm/s
2026-11-16,MAQ-012,temperatura,57.601,C
2026-11-16,MAQ-012,microparadas,6,qtd
2026-11-17,MAQ-012,vibracao,2.726,mm/s
2026-11-17,MAQ-012,temperatura,59.421,C
2026-11-17,MAQ-012,microparadas,1,qtd
2026-11-18,MAQ-012,vibracao,2.422,mm/s
2026-11-18,MAQ-012,temperatura,56.518,C
2026-11-18,MAQ-012,microparadas,2,qtd
2026-11-19,MAQ-012,vibracao,2.61,mm/s
2026-11-19,MAQ-012,temperatura,59.05,C
2026-11-19,MAQ-012,microparadas,4,qtd
2026-11-20,MAQ-012,vibracao,2.18,mm/s
2026-11-20,MAQ-012,temperatura,58.858,C
2026-11-20,MAQ-012,microparadas,2,qtd
2026-11-23,MAQ-012,vibracao,3.139,mm/s
2026-11-23,MAQ-012,temperatura,60.369,C
2026-11-23,MAQ-012,microparadas,6,qtd
2026-11-24,MAQ-012,vibracao,2.692,mm/s
2026-11-24,MAQ-012,temperatura,57.985,C
2026-11-24,MAQ-012,microparadas,2,qtd
2026-11-25,MAQ-012,vibracao,2.719,mm/s
2026-11-25,MAQ-012,temperatura,62.445,C
2026-11-25,MAQ-012,microparadas,2,qtd
2026-11-26,MAQ-012,vibracao,2.044,mm/s
2026-11-26,MAQ-012,temperatura,58.958,C
2026-11-26,MAQ-012,microparadas,0,qtd
2026-11-27,MAQ-012,vibracao,2.574,mm/s
2026-11-27,MAQ-012,temperatura,62.527,C
2026-11-27,MAQ-012,microparadas,4,qtd
2026-11-30,MAQ-012,vibracao,2.412,mm/s
2026-11-30,MAQ-012,temperatura,58.555,C
2026-11-30,MAQ-012,microparadas,4,qtd
2026-12-01,MAQ-012,vibracao,2.495,mm/s
2026-12-01,MAQ-012,temperatura,58.551,C
2026-12-01,MAQ-012,microparadas,4,qtd
2026-12-02,MAQ-012,vibracao,2.627,mm/s
2026-12-02,MAQ-012,temperatura,60.542,C
2026-12-02,MAQ-012,microparadas,1,qtd
2026-12-03,MAQ-012,vibracao,2.641,mm/s
2026-12-03,MAQ-012,temperatura,61.321,C
2026-12-03,MAQ-012,microparadas,6,qtd
2026-12-04,MAQ-012,vibracao,2.733,mm/s
2026-12-04,MAQ-012,temperatura,60.383,C
2026-12-04,MAQ-012,microparadas,5,qtd
2026-12-07,MAQ-012,vibracao,2.46,mm/s
2026-12-07,MAQ-012,temperatura,60.025,C
2026-12-07,MAQ-012,microparadas,5,qtd
2026-12-08,MAQ-012,vibracao,2.499,mm/s
2026-12-08,MAQ-012,temperatura,60.67,C
2026-12-08,MAQ-012,microparadas,4,qtd
2026-12-09,MAQ-012,vibracao,2.834,mm/s
2026-12-09,MAQ-012,temperatura,59.383,C
2026-12-09,MAQ-012,microparadas,2,qtd
2026-12-10,MAQ-012,vibracao,2.314,mm/s
2026-12-10,MAQ-012,temperatura,57.918,C
2026-12-10,MAQ-012,microparadas,4,qtd
2026-12-11,MAQ-012,vibracao,2.893,mm/s
2026-12-11,MAQ-012,temperatura,59.975,C
2026-12-11,MAQ-012,microparadas,4,qtd
2026-12-14,MAQ-012,vibracao,2.411,mm/s
2026-12-14,MAQ-012,temperatura,59.822,C
2026-12-14,MAQ-012,microparadas,1,qtd
2026-12-15,MAQ-012,vibracao,2.808,mm/s
2026-12-15,MAQ-012,temperatura,60.899,C
2026-12-15,MAQ-012,microparadas,3,qtd
2026-12-16,MAQ-012,vibracao,2.697,mm/s
2026-12-16,MAQ-012,temperatura,58.911,C
2026-12-16,MAQ-012,microparadas,5,qtd
2026-12-17,MAQ-012,vibracao,3.204,mm/s
2026-12-17,MAQ-012,temperatura,58.188,C
2026-12-17,MAQ-012,microparadas,0,qtd
2026-12-18,MAQ-012,vibracao,2.499,mm/s
2026-12-18,MAQ-012,temperatura,59.371,C
2026-12-18,MAQ-012,microparadas,3,qtd
2026-12-21,MAQ-012,vibracao,2.806,mm/s
2026-12-21,MAQ-012,temperatura,58.732,C
2026-12-21,MAQ-012,microparadas,4,qtd
2026-12-22,MAQ-012,vibracao,2.622,mm/s
2026-12-22,MAQ-012,temperatura,60.905,C
2026-12-22,MAQ-012,microparadas,3,qtd
2026-12-23,MAQ-012,vibracao,2.289,mm/s
2026-12-23,MAQ-012,temperatura,58.867,C
2026-12-23,MAQ-012,microparadas,0,qtd
2026-12-24,MAQ-012,vibracao,3.02,mm/s
2026-12-24,MAQ-012,temperatura,61.265,C
2026-12-24,MAQ-012,microparadas,3,qtd
2026-12-25,MAQ-012,vibracao,2.572,mm/s
2026-12-25,MAQ-012,temperatura,60.171,C
2026-12-25,MAQ-012,microparadas,4,qtd
2026-12-28,MAQ-012,vibracao,2.333,mm/s
2026-12-28,MAQ-012,temperatura,59.73,C
2026-12-28,MAQ-012,microparadas,1,qtd
2026-12-29,MAQ-012,vibracao,2.294,mm/s
2026-12-29,MAQ-012,temperatura,55.738,C
2026-12-29,MAQ-012,microparadas,4,qtd
2026-12-30,MAQ-012,vibracao,2.562,mm/s
2026-12-30,MAQ-012,temperatura,59.911,C
2026-12-30,MAQ-012,microparadas,1,qtd
2026-12-31,MAQ-012,vibracao,2.682,mm/s
2026-12-31,MAQ-012,temperatura,59.328,C
2026-12-31,MAQ-012,microparadas,1,qtd
