lote_material_id,componente_id,fornecedor_id,data_recebimento,quantidade_recebida,preco_unitario
LOT-0001,CMP-047,FOR-018,2025-01-06,2723,42.0
LOT-0002,CMP-047,FOR-018,2025-01-11,2665,42.0
LOT-0003,CMP-047,FOR-018,2025-02-06,2477,42.0
LOT-0004,CMP-047,FOR-018,2025-02-11,2565,42.0
LOT-0005,CMP-047,FOR-018,2025-03-06,2763,42.0
LOT-0006,CMP-047,FOR-018,2025-03-11,2678,42.0
LOT-0007,CMP-047,FOR-018,2025-04-06,2272,42.0
LOT-0008,CMP-047,FOR-018,2025-04-11,2301,42.0
LOT-0009,CMP-047,FOR-018,2025-05-06,2830,42.0
LOT-0010,CMP-047,FOR-018,2025-05-11,2533,42.0
LOT-0011,CMP-047,FOR-018,2025-06-06,2728,42.0
LOT-0012,CMP-047,FOR-018,2025-06-11,2848,42.0
LOT-0013,CMP-047,FOR-018,2025-07-06,2690,42.0
LOT-0014,CMP-047,FOR-018,2025-07-11,2277,42.0
LOT-0015,CMP-047,FOR-018,2025-08-06,2290,42.0
LOT-0016,CMP-047,FOR-018,2025-08-11,2759,42.0
LOT-0017,CMP-047,FOR-018,2025-09-06,2336,42.0
LOT-0018,CMP-047,FOR-018,2025-09-11,2431,42.0
LOT-0019,CMP-047,FOR-018,2025-10-06,2795,42.0
LOT-0020,CMP-047,FOR-018,2025-10-11,2607,42.0
LOT-0021,CMP-047,FOR-018,2025-11-06,2328,42.0
LOT-0022,CMP-047,FOR-018,2025-11-11,2634,42.0
LOT-0023,CMP-047,FOR-018,2025-12-06,2579,42.0
LOT-0024,CMP-047,FOR-018,2025-12-11,2316,42.0
LOT-0025,CMP-047,FOR-018,2026-01-06,2662,42.0
LOT-0026,CMP-047,FOR-018,2026-01-11,2297,42.0
LOT-0027,CMP-047,FOR-018,2026-02-06,2498,42.0
LOT-0028,CMP-047,FOR-018,2026-02-11,2257,42.0
LOT-0029,CMP-047,FOR-018,2026-03-06,2767,42.0
LOT-0030,CMP-047,FOR-018,2026-03-11,2535,42.0
LOT-0031,CMP-047,FOR-018,2026-04-06,2705,42.0
LOT-0032,CMP-047,FOR-018,2026-04-11,2774,42.0
LOT-0033,CMP-047,FOR-018,2026-05-06,2807,42.0
LOT-0034,CMP-047,FOR-018,2026-05-11,2352,42.0
LOT-0035,CMP-047,FOR-052,2026-06-06,2457,39.2
LOT-0036,CMP-047,FOR-052,2026-06-11,2794,39.2
LOT-0037,CMP-047,FOR-018,2026-06-16,2418,42.0
LOT-0038,CMP-047,FOR-018,2026-06-21,2525,42.0
LOT-0039,CMP-047,FOR-052,2026-07-06,2607,39.2
LOT-0040,CMP-047,FOR-052,2026-07-11,2818,39.2
LOT-0041,CMP-047,FOR-018,2026-07-16,2676,42.0
LOT-0042,CMP-047,FOR-018,2026-07-21,2790,42.0
LOT-0043,CMP-047,FOR-052,2026-08-06,2434,39.2
LOT-0044,CMP-047,FOR-052,2026-08-11,2653,39.2
LOT-0045,CMP-047,FOR-018,2026-08-16,2291,42.0
LOT-0046,CMP-047,FOR-018,2026-08-21,2755,42.0
LOT-0047,CMP-047,FOR-052,2026-09-06,2836,39.2
LOT-0048,CMP-047,FOR-052,2026-09-11,2521,39.2
LOT-0049,CMP-047,FOR-018,2026-09-16,2262,42.0
LOT-0050,CMP-047,FOR-018,2026-09-21,2792,42.0
LOT-0051,CMP-047,FOR-052,2026-10-06,2445,39.2
LOT-0052,CMP-047,FOR-052,2026-10-11,2520,39.2
LOT-0053,CMP-047,FOR-052,2026-10-16,2440,39.2
LOT-0054,CMP-047,FOR-018,2026-10-21,2318,42.0
LOT-0055,CMP-047,FOR-052,2026-11-06,2508,39.2
LOT-0056,CMP-047,FOR-052,2026-11-11,2722,39.2
LOT-0057,CMP-047,FOR-052,2026-11-16,2577,39.2
LOT-0058,CMP-047,FOR-018,2026-11-21,2739,42.0
LOT-0059,CMP-047,FOR-052,2026-12-06,2814,39.2
LOT-0060,CMP-047,FOR-052,2026-12-11,2517,39.2
LOT-0061,CMP-047,FOR-052,2026-12-16,2342,39.2
LOT-0062,CMP-047,FOR-018,2026-12-21,2290,42.0
