ordem_producao_id,produto_id,linha_id,data_planejada,quantidade_planejada,status
OP-000001,AX-100,L04,2025-01-03,35,concluida
OP-000002,AX-100,L04,2025-01-10,38,concluida
OP-000003,AX-100,L04,2025-01-17,42,concluida
OP-000004,AX-100,L04,2025-01-24,38,concluida
OP-000005,AX-110,L04,2025-01-03,44,concluida
OP-000006,AX-110,L04,2025-01-10,40,concluida
OP-000007,AX-110,L04,2025-01-17,41,concluida
OP-000008,AX-110,L04,2025-01-24,36,concluida
OP-000009,AX-120,L03,2025-01-03,36,concluida
OP-000010,AX-120,L03,2025-01-10,44,concluida
OP-000011,AX-120,L03,2025-01-17,42,concluida
OP-000012,AX-120,L03,2025-01-24,35,concluida
OP-000013,AX-130,L03,2025-01-03,41,concluida
OP-000014,AX-130,L03,2025-01-10,34,concluida
OP-000015,AX-130,L03,2025-01-17,37,concluida
OP-000016,AX-130,L03,2025-01-24,41,concluida
OP-000017,BZ-200,L04,2025-01-03,26,concluida
OP-000018,BZ-200,L04,2025-01-10,28,concluida
OP-000019,BZ-200,L04,2025-01-17,27,concluida
OP-000020,BZ-200,L04,2025-01-24,31,concluida
OP-000021,AX-100,L04,2025-02-03,46,concluida
OP-000022,AX-100,L04,2025-02-10,43,concluida
OP-000023,AX-100,L04,2025-02-17,47,concluida
OP-000024,AX-100,L04,2025-02-24,45,concluida
OP-000025,AX-110,L04,2025-02-03,41,concluida
OP-000026,AX-110,L04,2025-02-10,45,concluida
OP-000027,AX-110,L04,2025-02-17,45,concluida
OP-000028,AX-110,L04,2025-02-24,38,concluida
OP-000029,AX-120,L03,2025-02-03,35,concluida
OP-000030,AX-120,L03,2025-02-10,40,concluida
OP-000031,AX-120,L03,2025-02-17,43,concluida
OP-000032,AX-120,L03,2025-02-24,36,concluida
OP-000033,AX-130,L03,2025-02-03,45,concluida
OP-000034,AX-130,L03,2025-02-10,43,concluida
OP-000035,AX-130,L03,2025-02-17,48,concluida
OP-000036,AX-130,L03,2025-02-24,47,concluida
OP-000037,BZ-200,L04,2025-02-03,28,concluida
OP-000038,BZ-200,L04,2025-02-10,27,concluida
OP-000039,BZ-200,L04,2025-02-17,28,concluida
OP-000040,BZ-200,L04,2025-02-24,33,concluida
OP-000041,AX-100,L04,2025-03-03,43,concluida
OP-000042,AX-100,L04,2025-03-10,45,concluida
OP-000043,AX-100,L04,2025-03-17,45,concluida
OP-000044,AX-100,L04,2025-03-24,37,concluida
OP-000045,AX-110,L04,2025-03-03,47,concluida
OP-000046,AX-110,L04,2025-03-10,43,concluida
OP-000047,AX-110,L04,2025-03-17,37,concluida
OP-000048,AX-110,L04,2025-03-24,44,concluida
OP-000049,AX-120,L03,2025-03-03,42,concluida
OP-000050,AX-120,L03,2025-03-10,40,concluida
OP-000051,AX-120,L03,2025-03-17,46,concluida
OP-000052,AX-120,L03,2025-03-24,45,concluida
OP-000053,AX-130,L03,2025-03-03,37,concluida
OP-000054,AX-130,L03,2025-03-10,38,concluida
OP-000055,AX-130,L03,2025-03-17,44,concluida
OP-000056,AX-130,L03,2025-03-24,46,concluida
OP-000057,BZ-200,L04,2025-03-03,32,concluida
OP-000058,BZ-200,L04,2025-03-10,34,concluida
OP-000059,BZ-200,L04,2025-03-17,28,concluida
OP-000060,BZ-200,L04,2025-03-24,35,concluida
OP-000061,AX-100,L04,2025-04-03,45,concluida
OP-000062,AX-100,L04,2025-04-10,42,concluida
OP-000063,AX-100,L04,2025-04-17,39,concluida
OP-000064,AX-100,L04,2025-04-24,35,concluida
OP-000065,AX-110,L04,2025-04-03,39,concluida
OP-000066,AX-110,L04,2025-04-10,42,concluida
OP-000067,AX-110,L04,2025-04-17,38,concluida
OP-000068,AX-110,L04,2025-04-24,38,concluida
OP-000069,AX-120,L03,2025-04-03,43,concluida
OP-000070,AX-120,L03,2025-04-10,44,concluida
OP-000071,AX-120,L03,2025-04-17,46,concluida
OP-000072,AX-120,L03,2025-04-24,42,concluida
OP-000073,AX-130,L03,2025-04-03,38,concluida
OP-000074,AX-130,L03,2025-04-10,46,concluida
OP-000075,AX-130,L03,2025-04-17,37,concluida
OP-000076,AX-130,L03,2025-04-24,45,concluida
OP-000077,BZ-200,L04,2025-04-03,26,concluida
OP-000078,BZ-200,L04,2025-04-10,31,concluida
OP-000079,BZ-200,L04,2025-04-17,27,concluida
OP-000080,BZ-200,L04,2025-04-24,36,concluida
OP-000081,AX-100,L04,2025-05-03,40,concluida
OP-000082,AX-100,L04,2025-05-10,42,concluida
OP-000083,AX-100,L04,2025-05-17,36,concluida
OP-000084,AX-100,L04,2025-05-24,37,concluida
OP-000085,AX-110,L04,2025-05-03,42,concluida
OP-000086,AX-110,L04,2025-05-10,42,concluida
OP-000087,AX-110,L04,2025-05-17,36,concluida
OP-000088,AX-110,L04,2025-05-24,43,concluida
OP-000089,AX-120,L03,2025-05-03,38,concluida
OP-000090,AX-120,L03,2025-05-10,38,concluida
OP-000091,AX-120,L03,2025-05-17,36,concluida
OP-000092,AX-120,L03,2025-05-24,32,concluida
OP-000093,AX-130,L03,2025-05-03,42,concluida
OP-000094,AX-130,L03,2025-05-10,39,concluida
OP-000095,AX-130,L03,2025-05-17,38,concluida
OP-000096,AX-130,L03,2025-05-24,33,concluida
OP-000097,BZ-200,L04,2025-05-03,25,concluida
OP-000098,BZ-200,L04,2025-05-10,33,concluida
OP-000099,BZ-200,L04,2025-05-17,29,concluida
OP-000100,BZ-200,L04,2025-05-24,33,concluida
OP-000101,AX-100,L04,2025-06-03,40,concluida
OP-000102,AX-100,L04,2025-06-10,32,concluida
OP-000103,AX-100,L04,2025-06-17,35,concluida
OP-000104,AX-100,L04,2025-06-24,40,concluida
OP-000105,AX-110,L04,2025-06-03,39,concluida
OP-000106,AX-110,L04,2025-06-10,43,concluida
OP-000107,AX-110,L04,2025-06-17,33,concluida
OP-000108,AX-110,L04,2025-06-24,43,concluida
OP-000109,AX-120,L03,2025-06-03,33,concluida
OP-000110,AX-120,L03,2025-06-10,38,concluida
OP-000111,AX-120,L03,2025-06-17,34,concluida
OP-000112,AX-120,L03,2025-06-24,34,concluida
OP-000113,AX-130,L03,2025-06-03,33,concluida
OP-000114,AX-130,L03,2025-06-10,36,concluida
OP-000115,AX-130,L03,2025-06-17,38,concluida
OP-000116,AX-130,L03,2025-06-24,40,concluida
OP-000117,BZ-200,L04,2025-06-03,26,concluida
OP-000118,BZ-200,L04,2025-06-10,34,concluida
OP-000119,BZ-200,L04,2025-06-17,31,concluida
OP-000120,BZ-200,L04,2025-06-24,30,concluida
OP-000121,AX-100,L04,2025-07-03,39,concluida
OP-000122,AX-100,L04,2025-07-10,39,concluida
OP-000123,AX-100,L04,2025-07-17,39,concluida
OP-000124,AX-100,L04,2025-07-24,31,concluida
OP-000125,AX-110,L04,2025-07-03,35,concluida
OP-000126,AX-110,L04,2025-07-10,36,concluida
OP-000127,AX-110,L04,2025-07-17,37,concluida
OP-000128,AX-110,L04,2025-07-24,38,concluida
OP-000129,AX-120,L03,2025-07-03,34,concluida
OP-000130,AX-120,L03,2025-07-10,39,concluida
OP-000131,AX-120,L03,2025-07-17,32,concluida
OP-000132,AX-120,L03,2025-07-24,33,concluida
OP-000133,AX-130,L03,2025-07-03,39,concluida
OP-000134,AX-130,L03,2025-07-10,36,concluida
OP-000135,AX-130,L03,2025-07-17,38,concluida
OP-000136,AX-130,L03,2025-07-24,36,concluida
OP-000137,BZ-200,L04,2025-07-03,25,concluida
OP-000138,BZ-200,L04,2025-07-10,28,concluida
OP-000139,BZ-200,L04,2025-07-17,28,concluida
OP-000140,BZ-200,L04,2025-07-24,25,concluida
OP-000141,AX-100,L04,2025-08-03,41,concluida
OP-000142,AX-100,L04,2025-08-10,40,concluida
OP-000143,AX-100,L04,2025-08-17,37,concluida
OP-000144,AX-100,L04,2025-08-24,41,concluida
OP-000145,AX-110,L04,2025-08-03,36,concluida
OP-000146,AX-110,L04,2025-08-10,32,concluida
OP-000147,AX-110,L04,2025-08-17,36,concluida
OP-000148,AX-110,L04,2025-08-24,38,concluida
OP-000149,AX-120,L03,2025-08-03,31,concluida
OP-000150,AX-120,L03,2025-08-10,30,concluida
OP-000151,AX-120,L03,2025-08-17,30,concluida
OP-000152,AX-120,L03,2025-08-24,35,concluida
OP-000153,AX-130,L03,2025-08-03,39,concluida
OP-000154,AX-130,L03,2025-08-10,37,concluida
OP-000155,AX-130,L03,2025-08-17,37,concluida
OP-000156,AX-130,L03,2025-08-24,37,concluida
OP-000157,BZ-200,L04,2025-08-03,25,concluida
OP-000158,BZ-200,L04,2025-08-10,24,concluida
OP-000159,BZ-200,L04,2025-08-17,30,concluida
OP-000160,BZ-200,L04,2025-08-24,23,concluida
OP-000161,AX-100,L04,2025-09-03,33,concluida
OP-000162,AX-100,L04,2025-09-10,37,concluida
OP-000163,AX-100,L04,2025-09-17,36,concluida
OP-000164,AX-100,L04,2025-09-24,39,concluida
OP-000165,AX-110,L04,2025-09-03,40,concluida
OP-000166,AX-110,L04,2025-09-10,40,concluida
OP-000167,AX-110,L04,2025-09-17,31,concluida
OP-000168,AX-110,L04,2025-09-24,40,concluida
OP-000169,AX-120,L03,2025-09-03,36,concluida
OP-000170,AX-120,L03,2025-09-10,31,concluida
OP-000171,AX-120,L03,2025-09-17,31,concluida
OP-000172,AX-120,L03,2025-09-24,29,concluida
OP-000173,AX-130,L03,2025-09-03,40,concluida
OP-000174,AX-130,L03,2025-09-10,36,concluida
OP-000175,AX-130,L03,2025-09-17,30,concluida
OP-000176,AX-130,L03,2025-09-24,32,concluida
OP-000177,BZ-200,L04,2025-09-03,24,concluida
OP-000178,BZ-200,L04,2025-09-10,30,concluida
OP-000179,BZ-200,L04,2025-09-17,31,concluida
OP-000180,BZ-200,L04,2025-09-24,30,concluida
OP-000181,AX-100,L04,2025-10-03,37,concluida
OP-000182,AX-100,L04,2025-10-10,40,concluida
OP-000183,AX-100,L04,2025-10-17,42,concluida
OP-000184,AX-100,L04,2025-10-24,36,concluida
OP-000185,AX-110,L04,2025-10-03,31,concluida
OP-000186,AX-110,L04,2025-10-10,34,concluida
OP-000187,AX-110,L04,2025-10-17,35,concluida
OP-000188,AX-110,L04,2025-10-24,36,concluida
OP-000189,AX-120,L03,2025-10-03,37,concluida
OP-000190,AX-120,L03,2025-10-10,36,concluida
OP-000191,AX-120,L03,2025-10-17,33,concluida
OP-000192,AX-120,L03,2025-10-24,38,concluida
OP-000193,AX-130,L03,2025-10-03,32,concluida
OP-000194,AX-130,L03,2025-10-10,35,concluida
OP-000195,AX-130,L03,2025-10-17,33,concluida
OP-000196,AX-130,L03,2025-10-24,38,concluida
OP-000197,BZ-200,L04,2025-10-03,26,concluida
OP-000198,BZ-200,L04,2025-10-10,32,concluida
OP-000199,BZ-200,L04,2025-10-17,31,concluida
OP-000200,BZ-200,L04,2025-10-24,26,concluida
OP-000201,AX-100,L04,2025-11-03,38,concluida
OP-000202,AX-100,L04,2025-11-10,32,concluida
OP-000203,AX-100,L04,2025-11-17,32,concluida
OP-000204,AX-100,L04,2025-11-24,31,concluida
OP-000205,AX-110,L04,2025-11-03,41,concluida
OP-000206,AX-110,L04,2025-11-10,36,concluida
OP-000207,AX-110,L04,2025-11-17,38,concluida
OP-000208,AX-110,L04,2025-11-24,41,concluida
OP-000209,AX-120,L03,2025-11-03,40,concluida
OP-000210,AX-120,L03,2025-11-10,37,concluida
OP-000211,AX-120,L03,2025-11-17,35,concluida
OP-000212,AX-120,L03,2025-11-24,40,concluida
OP-000213,AX-130,L03,2025-11-03,39,concluida
OP-000214,AX-130,L03,2025-11-10,35,concluida
OP-000215,AX-130,L03,2025-11-17,40,concluida
OP-000216,AX-130,L03,2025-11-24,41,concluida
OP-000217,BZ-200,L04,2025-11-03,28,concluida
OP-000218,BZ-200,L04,2025-11-10,32,concluida
OP-000219,BZ-200,L04,2025-11-17,26,concluida
OP-000220,BZ-200,L04,2025-11-24,26,concluida
OP-000221,AX-100,L04,2025-12-03,36,concluida
OP-000222,AX-100,L04,2025-12-10,42,concluida
OP-000223,AX-100,L04,2025-12-17,40,concluida
OP-000224,AX-100,L04,2025-12-24,41,concluida
OP-000225,AX-110,L04,2025-12-03,39,concluida
OP-000226,AX-110,L04,2025-12-10,37,concluida
OP-000227,AX-110,L04,2025-12-17,40,concluida
OP-000228,AX-110,L04,2025-12-24,43,concluida
OP-000229,AX-120,L03,2025-12-03,32,concluida
OP-000230,AX-120,L03,2025-12-10,35,concluida
OP-000231,AX-120,L03,2025-12-17,33,concluida
OP-000232,AX-120,L03,2025-12-24,41,concluida
OP-000233,AX-130,L03,2025-12-03,42,concluida
OP-000234,AX-130,L03,2025-12-10,37,concluida
OP-000235,AX-130,L03,2025-12-17,37,concluida
OP-000236,AX-130,L03,2025-12-24,41,concluida
OP-000237,BZ-200,L04,2025-12-03,28,concluida
OP-000238,BZ-200,L04,2025-12-10,33,concluida
OP-000239,BZ-200,L04,2025-12-17,29,concluida
OP-000240,BZ-200,L04,2025-12-24,34,concluida
OP-000241,AX-100,L04,2026-01-03,45,concluida
OP-000242,AX-100,L04,2026-01-10,46,concluida
OP-000243,AX-100,L04,2026-01-17,42,concluida
OP-000244,AX-100,L04,2026-01-24,41,concluida
OP-000245,AX-110,L04,2026-01-03,42,concluida
OP-000246,AX-110,L04,2026-01-10,41,concluida
OP-000247,AX-110,L04,2026-01-17,37,concluida
OP-000248,AX-110,L04,2026-01-24,44,concluida
OP-000249,AX-120,L03,2026-01-03,41,concluida
OP-000250,AX-120,L03,2026-01-10,37,concluida
OP-000251,AX-120,L03,2026-01-17,45,concluida
OP-000252,AX-120,L03,2026-01-24,45,concluida
OP-000253,AX-130,L03,2026-01-03,40,concluida
OP-000254,AX-130,L03,2026-01-10,47,concluida
OP-000255,AX-130,L03,2026-01-17,50,concluida
OP-000256,AX-130,L03,2026-01-24,43,concluida
OP-000257,BZ-200,L04,2026-01-03,26,concluida
OP-000258,BZ-200,L04,2026-01-10,23,concluida
OP-000259,BZ-200,L04,2026-01-17,25,concluida
OP-000260,BZ-200,L04,2026-01-24,29,concluida
OP-000261,AX-100,L04,2026-02-03,39,concluida
OP-000262,AX-100,L04,2026-02-10,46,concluida
OP-000263,AX-100,L04,2026-02-17,48,concluida
OP-000264,AX-100,L04,2026-02-24,45,concluida
OP-000265,AX-110,L04,2026-02-03,41,concluida
OP-000266,AX-110,L04,2026-02-10,45,concluida
OP-000267,AX-110,L04,2026-02-17,39,concluida
OP-000268,AX-110,L04,2026-02-24,45,concluida
OP-000269,AX-120,L03,2026-02-03,47,concluida
OP-000270,AX-120,L03,2026-02-10,49,concluida
OP-000271,AX-120,L03,2026-02-17,49,concluida
OP-000272,AX-120,L03,2026-02-24,47,concluida
OP-000273,AX-130,L03,2026-02-03,41,concluida
OP-000274,AX-130,L03,2026-02-10,43,concluida
OP-000275,AX-130,L03,2026-02-17,44,concluida
OP-000276,AX-130,L03,2026-02-24,37,concluida
OP-000277,BZ-200,L04,2026-02-03,30,concluida
OP-000278,BZ-200,L04,2026-02-10,28,concluida
OP-000279,BZ-200,L04,2026-02-17,31,concluida
OP-000280,BZ-200,L04,2026-02-24,31,concluida
OP-000281,AX-100,L04,2026-03-03,49,concluida
OP-000282,AX-100,L04,2026-03-10,42,concluida
OP-000283,AX-100,L04,2026-03-17,43,concluida
OP-000284,AX-100,L04,2026-03-24,39,concluida
OP-000285,AX-110,L04,2026-03-03,45,concluida
OP-000286,AX-110,L04,2026-03-10,47,concluida
OP-000287,AX-110,L04,2026-03-17,46,concluida
OP-000288,AX-110,L04,2026-03-24,37,concluida
OP-000289,AX-120,L03,2026-03-03,41,concluida
OP-000290,AX-120,L03,2026-03-10,46,concluida
OP-000291,AX-120,L03,2026-03-17,39,concluida
OP-000292,AX-120,L03,2026-03-24,43,concluida
OP-000293,AX-130,L03,2026-03-03,44,concluida
OP-000294,AX-130,L03,2026-03-10,45,concluida
OP-000295,AX-130,L03,2026-03-17,49,concluida
OP-000296,AX-130,L03,2026-03-24,43,concluida
OP-000297,BZ-200,L04,2026-03-03,36,concluida
OP-000298,BZ-200,L04,2026-03-10,31,concluida
OP-000299,BZ-200,L04,2026-03-17,37,concluida
OP-000300,BZ-200,L04,2026-03-24,31,concluida
OP-000301,AX-100,L04,2026-04-03,43,concluida
OP-000302,AX-100,L04,2026-04-10,38,concluida
OP-000303,AX-100,L04,2026-04-17,39,concluida
OP-000304,AX-100,L04,2026-04-24,42,concluida
OP-000305,AX-110,L04,2026-04-03,43,concluida
OP-000306,AX-110,L04,2026-04-10,47,concluida
OP-000307,AX-110,L04,2026-04-17,42,concluida
OP-000308,AX-110,L04,2026-04-24,41,concluida
OP-000309,AX-120,L03,2026-04-03,40,concluida
OP-000310,AX-120,L03,2026-04-10,43,concluida
OP-000311,AX-120,L03,2026-04-17,38,concluida
OP-000312,AX-120,L03,2026-04-24,39,concluida
OP-000313,AX-130,L03,2026-04-03,41,concluida
OP-000314,AX-130,L03,2026-04-10,44,concluida
OP-000315,AX-130,L03,2026-04-17,47,concluida
OP-000316,AX-130,L03,2026-04-24,44,concluida
OP-000317,BZ-200,L04,2026-04-03,32,concluida
OP-000318,BZ-200,L04,2026-04-10,34,concluida
OP-000319,BZ-200,L04,2026-04-17,32,concluida
OP-000320,BZ-200,L04,2026-04-24,35,concluida
OP-000321,AX-100,L04,2026-05-03,37,concluida
OP-000322,AX-100,L04,2026-05-10,41,concluida
OP-000323,AX-100,L04,2026-05-17,41,concluida
OP-000324,AX-100,L04,2026-05-24,37,concluida
OP-000325,AX-110,L04,2026-05-03,40,concluida
OP-000326,AX-110,L04,2026-05-10,43,concluida
OP-000327,AX-110,L04,2026-05-17,36,concluida
OP-000328,AX-110,L04,2026-05-24,45,concluida
OP-000329,AX-120,L03,2026-05-03,37,concluida
OP-000330,AX-120,L03,2026-05-10,38,concluida
OP-000331,AX-120,L03,2026-05-17,40,concluida
OP-000332,AX-120,L03,2026-05-24,47,concluida
OP-000333,AX-130,L03,2026-05-03,45,concluida
OP-000334,AX-130,L03,2026-05-10,43,concluida
OP-000335,AX-130,L03,2026-05-17,37,concluida
OP-000336,AX-130,L03,2026-05-24,37,concluida
OP-000337,BZ-200,L04,2026-05-03,36,concluida
OP-000338,BZ-200,L04,2026-05-10,31,concluida
OP-000339,BZ-200,L04,2026-05-17,35,concluida
OP-000340,BZ-200,L04,2026-05-24,35,concluida
OP-000341,AX-100,L04,2026-06-03,35,concluida
OP-000342,AX-100,L04,2026-06-10,35,concluida
OP-000343,AX-100,L04,2026-06-17,37,concluida
OP-000344,AX-100,L04,2026-06-24,42,concluida
OP-000345,AX-110,L04,2026-06-03,46,concluida
OP-000346,AX-110,L04,2026-06-10,43,concluida
OP-000347,AX-110,L04,2026-06-17,45,concluida
OP-000348,AX-110,L04,2026-06-24,42,concluida
OP-000349,AX-120,L03,2026-06-03,46,concluida
OP-000350,AX-120,L03,2026-06-10,47,concluida
OP-000351,AX-120,L03,2026-06-17,44,concluida
OP-000352,AX-120,L03,2026-06-24,42,concluida
OP-000353,AX-130,L03,2026-06-03,35,concluida
OP-000354,AX-130,L03,2026-06-10,39,concluida
OP-000355,AX-130,L03,2026-06-17,40,concluida
OP-000356,AX-130,L03,2026-06-24,35,concluida
OP-000357,BZ-200,L04,2026-06-03,36,concluida
OP-000358,BZ-200,L04,2026-06-10,28,concluida
OP-000359,BZ-200,L04,2026-06-17,30,concluida
OP-000360,BZ-200,L04,2026-06-24,30,concluida
OP-000361,AX-100,L04,2026-07-03,40,concluida
OP-000362,AX-100,L04,2026-07-10,42,concluida
OP-000363,AX-100,L04,2026-07-17,49,concluida
OP-000364,AX-100,L04,2026-07-24,41,concluida
OP-000365,AX-110,L04,2026-07-03,47,concluida
OP-000366,AX-110,L04,2026-07-10,41,concluida
OP-000367,AX-110,L04,2026-07-17,45,concluida
OP-000368,AX-110,L04,2026-07-24,46,concluida
OP-000369,AX-120,L03,2026-07-03,48,concluida
OP-000370,AX-120,L03,2026-07-10,53,concluida
OP-000371,AX-120,L03,2026-07-17,57,concluida
OP-000372,AX-120,L03,2026-07-24,51,concluida
OP-000373,AX-130,L03,2026-07-03,50,concluida
OP-000374,AX-130,L03,2026-07-10,50,concluida
OP-000375,AX-130,L03,2026-07-17,46,concluida
OP-000376,AX-130,L03,2026-07-24,53,concluida
OP-000377,BZ-200,L04,2026-07-03,25,concluida
OP-000378,BZ-200,L04,2026-07-10,32,concluida
OP-000379,BZ-200,L04,2026-07-17,28,concluida
OP-000380,BZ-200,L04,2026-07-24,26,concluida
OP-000381,AX-100,L04,2026-08-03,49,concluida
OP-000382,AX-100,L04,2026-08-10,48,concluida
OP-000383,AX-100,L04,2026-08-17,39,concluida
OP-000384,AX-100,L04,2026-08-24,47,concluida
OP-000385,AX-110,L04,2026-08-03,45,concluida
OP-000386,AX-110,L04,2026-08-10,46,concluida
OP-000387,AX-110,L04,2026-08-17,42,concluida
OP-000388,AX-110,L04,2026-08-24,45,concluida
OP-000389,AX-120,L03,2026-08-03,47,concluida
OP-000390,AX-120,L03,2026-08-10,55,concluida
OP-000391,AX-120,L03,2026-08-17,49,concluida
OP-000392,AX-120,L03,2026-08-24,45,concluida
OP-000393,AX-130,L03,2026-08-03,53,concluida
OP-000394,AX-130,L03,2026-08-10,48,concluida
OP-000395,AX-130,L03,2026-08-17,48,concluida
OP-000396,AX-130,L03,2026-08-24,52,concluida
OP-000397,BZ-200,L04,2026-08-03,33,concluida
OP-000398,BZ-200,L04,2026-08-10,30,concluida
OP-000399,BZ-200,L04,2026-08-17,23,concluida
OP-000400,BZ-200,L04,2026-08-24,24,concluida
OP-000401,AX-100,L04,2026-09-03,46,concluida
OP-000402,AX-100,L04,2026-09-10,48,concluida
OP-000403,AX-100,L04,2026-09-17,41,concluida
OP-000404,AX-100,L04,2026-09-24,41,concluida
OP-000405,AX-110,L04,2026-09-03,42,concluida
OP-000406,AX-110,L04,2026-09-10,49,concluida
OP-000407,AX-110,L04,2026-09-17,48,concluida
OP-000408,AX-110,L04,2026-09-24,40,concluida
OP-000409,AX-120,L03,2026-09-03,45,concluida
OP-000410,AX-120,L03,2026-09-10,54,concluida
OP-000411,AX-120,L03,2026-09-17,48,concluida
OP-000412,AX-120,L03,2026-09-24,49,concluida
OP-000413,AX-130,L03,2026-09-03,52,concluida
OP-000414,AX-130,L03,2026-09-10,46,concluida
OP-000415,AX-130,L03,2026-09-17,42,concluida
OP-000416,AX-130,L03,2026-09-24,46,concluida
OP-000417,BZ-200,L04,2026-09-03,26,concluida
OP-000418,BZ-200,L04,2026-09-10,25,concluida
OP-000419,BZ-200,L04,2026-09-17,27,concluida
OP-000420,BZ-200,L04,2026-09-24,23,concluida
OP-000421,AX-100,L04,2026-10-03,41,concluida
OP-000422,AX-100,L04,2026-10-10,44,concluida
OP-000423,AX-100,L04,2026-10-17,39,concluida
OP-000424,AX-100,L04,2026-10-24,39,concluida
OP-000425,AX-110,L04,2026-10-03,44,concluida
OP-000426,AX-110,L04,2026-10-10,40,concluida
OP-000427,AX-110,L04,2026-10-17,40,concluida
OP-000428,AX-110,L04,2026-10-24,40,concluida
OP-000429,AX-120,L03,2026-10-03,43,concluida
OP-000430,AX-120,L03,2026-10-10,37,concluida
OP-000431,AX-120,L03,2026-10-17,47,concluida
OP-000432,AX-120,L03,2026-10-24,37,concluida
OP-000433,AX-130,L03,2026-10-03,42,concluida
OP-000434,AX-130,L03,2026-10-10,38,concluida
OP-000435,AX-130,L03,2026-10-17,44,concluida
OP-000436,AX-130,L03,2026-10-24,37,concluida
OP-000437,BZ-200,L04,2026-10-03,23,concluida
OP-000438,BZ-200,L04,2026-10-10,29,concluida
OP-000439,BZ-200,L04,2026-10-17,25,concluida
OP-000440,BZ-200,L04,2026-10-24,26,concluida
OP-000441,AX-100,L04,2026-11-03,39,concluida
OP-000442,AX-100,L04,2026-11-10,44,concluida
OP-000443,AX-100,L04,2026-11-17,42,concluida
OP-000444,AX-100,L04,2026-11-24,37,concluida
OP-000445,AX-110,L04,2026-11-03,42,concluida
OP-000446,AX-110,L04,2026-11-10,42,concluida
OP-000447,AX-110,L04,2026-11-17,40,concluida
OP-000448,AX-110,L04,2026-11-24,38,concluida
OP-000449,AX-120,L03,2026-11-03,41,concluida
OP-000450,AX-120,L03,2026-11-10,37,concluida
OP-000451,AX-120,L03,2026-11-17,42,concluida
OP-000452,AX-120,L03,2026-11-24,37,concluida
OP-000453,AX-130,L03,2026-11-03,40,concluida
OP-000454,AX-130,L03,2026-11-10,49,concluida
OP-000455,AX-130,L03,2026-11-17,49,concluida
OP-000456,AX-130,L03,2026-11-24,39,concluida
OP-000457,BZ-200,L04,2026-11-03,31,concluida
OP-000458,BZ-200,L04,2026-11-10,23,concluida
OP-000459,BZ-200,L04,2026-11-17,28,concluida
OP-000460,BZ-200,L04,2026-11-24,25,concluida
OP-000461,AX-100,L04,2026-12-03,47,concluida
OP-000462,AX-100,L04,2026-12-10,47,concluida
OP-000463,AX-100,L04,2026-12-17,44,concluida
OP-000464,AX-100,L04,2026-12-24,50,concluida
OP-000465,AX-110,L04,2026-12-03,49,concluida
OP-000466,AX-110,L04,2026-12-10,42,concluida
OP-000467,AX-110,L04,2026-12-17,51,concluida
OP-000468,AX-110,L04,2026-12-24,48,concluida
OP-000469,AX-120,L03,2026-12-03,42,concluida
OP-000470,AX-120,L03,2026-12-10,45,concluida
OP-000471,AX-120,L03,2026-12-17,38,concluida
OP-000472,AX-120,L03,2026-12-24,43,concluida
OP-000473,AX-130,L03,2026-12-03,42,concluida
OP-000474,AX-130,L03,2026-12-10,38,concluida
OP-000475,AX-130,L03,2026-12-17,40,concluida
OP-000476,AX-130,L03,2026-12-24,44,concluida
OP-000477,BZ-200,L04,2026-12-03,31,concluida
OP-000478,BZ-200,L04,2026-12-10,29,concluida
OP-000479,BZ-200,L04,2026-12-17,28,concluida
OP-000480,BZ-200,L04,2026-12-24,33,concluida
