pedido_id,cliente_id,vendedor_id,data_pedido,data_prometida_original,data_prometida_atual,status,campanha_id,data_entrega
PED-000001,CLI-0053,VEN-005,2025-01-03,2025-01-21,2025-01-21,atendido,,2025-01-21
PED-000002,CLI-0028,VEN-001,2025-01-10,2025-01-28,2025-01-28,atendido,,2025-01-28
PED-000003,CLI-0038,VEN-007,2025-01-17,2025-02-04,2025-02-04,atendido,,2025-02-04
PED-000004,CLI-0045,VEN-012,2025-01-24,2025-02-11,2025-02-11,atendido,,2025-02-11
PED-000005,CLI-0080,VEN-003,2025-01-03,2025-01-21,2025-01-21,atendido,,2025-01-21
PED-000006,CLI-0076,VEN-009,2025-01-10,2025-01-28,2025-01-28,atendido,,2025-01-28
PED-000007,CLI-0051,VEN-010,2025-01-17,2025-02-04,2025-02-04,atendido,,2025-02-04
PED-000008,CLI-0073,VEN-002,2025-01-24,2025-02-11,2025-02-11,atendido,,2025-02-11
PED-000009,CLI-0071,VEN-027,2025-01-03,2025-01-21,2025-01-21,atendido,,2025-01-21
PED-000010,CLI-0075,VEN-012,2025-01-10,2025-01-28,2025-01-28,atendido,,2025-01-28
PED-000011,CLI-0069,VEN-027,2025-01-17,2025-02-04,2025-02-04,atendido,,2025-02-04
PED-000012,CLI-0045,VEN-027,2025-01-24,2025-02-11,2025-02-11,atendido,,2025-02-11
PED-000013,CLI-0056,VEN-007,2025-01-03,2025-01-21,2025-01-21,atendido,,2025-01-21
PED-000014,CLI-0008,VEN-027,2025-01-10,2025-01-28,2025-01-28,atendido,,2025-01-28
PED-000015,CLI-0073,VEN-002,2025-01-17,2025-02-04,2025-02-04,atendido,,2025-02-04
PED-000016,CLI-0015,VEN-005,2025-01-24,2025-02-11,2025-02-11,atendido,,2025-02-11
PED-000017,CLI-0055,VEN-007,2025-01-03,2025-01-21,2025-01-21,atendido,,2025-01-21
PED-000018,CLI-0061,VEN-008,2025-01-10,2025-01-28,2025-01-28,atendido,,2025-01-28
PED-000019,CLI-0015,VEN-006,2025-01-17,2025-02-04,2025-02-04,atendido,,2025-02-04
PED-000020,CLI-0067,VEN-011,2025-01-24,2025-02-11,2025-02-11,atendido,,2025-02-11
PED-000021,CLI-0027,VEN-004,2025-02-03,2025-02-21,2025-02-21,atendido,,2025-02-21
PED-000022,CLI-0008,VEN-004,2025-02-10,2025-02-28,2025-02-28,atendido,,2025-02-28
PED-000023,CLI-0076,VEN-005,2025-02-17,2025-03-07,2025-03-07,atendido,,2025-03-07
PED-000024,CLI-0042,VEN-010,2025-02-24,2025-03-14,2025-03-14,atendido,,2025-03-14
PED-000025,CLI-0080,VEN-002,2025-02-03,2025-02-21,2025-02-21,atendido,,2025-02-21
PED-000026,CLI-0026,VEN-001,2025-02-10,2025-02-28,2025-02-28,atendido,,2025-02-28
PED-000027,CLI-0012,VEN-005,2025-02-17,2025-03-07,2025-03-07,atendido,,2025-03-07
PED-000028,CLI-0054,VEN-011,2025-02-24,2025-03-14,2025-03-14,atendido,,2025-03-14
PED-000029,CLI-0015,VEN-027,2025-02-03,2025-02-21,2025-02-21,atendido,,2025-02-21
PED-000030,CLI-0011,VEN-027,2025-02-10,2025-02-28,2025-02-28,atendido,,2025-02-28
PED-000031,CLI-0080,VEN-027,2025-02-17,2025-03-07,2025-03-07,atendido,,2025-03-07
PED-000032,CLI-0065,VEN-027,2025-02-24,2025-03-14,2025-03-14,atendido,,2025-03-14
PED-000033,CLI-0033,VEN-003,2025-02-03,2025-02-21,2025-02-21,atendido,,2025-02-21
PED-000034,CLI-0050,VEN-027,2025-02-10,2025-02-28,2025-02-28,atendido,,2025-02-28
PED-000035,CLI-0013,VEN-001,2025-02-17,2025-03-07,2025-03-07,atendido,,2025-03-07
PED-000036,CLI-0012,VEN-027,2025-02-24,2025-03-14,2025-03-14,atendido,,2025-03-14
PED-000037,CLI-0010,VEN-010,2025-02-03,2025-02-21,2025-02-21,atendido,,2025-02-21
PED-000038,CLI-0009,VEN-004,2025-02-10,2025-02-28,2025-02-28,atendido,,2025-02-28
PED-000039,CLI-0036,VEN-001,2025-02-17,2025-03-07,2025-03-07,atendido,,2025-03-07
PED-000040,CLI-0019,VEN-004,2025-02-24,2025-03-14,2025-03-14,atendido,,2025-03-14
PED-000041,CLI-0041,VEN-002,2025-03-03,2025-03-21,2025-03-21,atendido,,2025-03-21
PED-000042,CLI-0066,VEN-008,2025-03-10,2025-03-28,2025-03-28,atendido,,2025-03-28
PED-000043,CLI-0010,VEN-008,2025-03-17,2025-04-04,2025-04-04,atendido,,2025-04-04
PED-000044,CLI-0080,VEN-007,2025-03-24,2025-04-11,2025-04-11,atendido,,2025-04-11
PED-000045,CLI-0047,VEN-010,2025-03-03,2025-03-21,2025-03-21,atendido,,2025-03-21
PED-000046,CLI-0008,VEN-002,2025-03-10,2025-03-28,2025-03-28,atendido,,2025-03-28
PED-000047,CLI-0078,VEN-002,2025-03-17,2025-04-04,2025-04-04,atendido,,2025-04-04
PED-000048,CLI-0054,VEN-011,2025-03-24,2025-04-11,2025-04-11,atendido,,2025-04-11
PED-000049,CLI-0054,VEN-006,2025-03-03,2025-03-21,2025-03-21,atendido,,2025-03-21
PED-000050,CLI-0019,VEN-027,2025-03-10,2025-03-28,2025-03-28,atendido,,2025-03-28
PED-000051,CLI-0065,VEN-027,2025-03-17,2025-04-04,2025-04-04,atendido,,2025-04-04
PED-000052,CLI-0037,VEN-027,2025-03-24,2025-04-11,2025-04-11,atendido,,2025-04-11
PED-000053,CLI-0015,VEN-001,2025-03-03,2025-03-21,2025-03-21,atendido,,2025-03-21
PED-000054,CLI-0028,VEN-027,2025-03-10,2025-03-28,2025-03-28,atendido,,2025-03-28
PED-000055,CLI-0079,VEN-027,2025-03-17,2025-04-04,2025-04-04,atendido,,2025-04-04
PED-000056,CLI-0075,VEN-027,2025-03-24,2025-04-11,2025-04-11,atendido,,2025-04-11
PED-000057,CLI-0021,VEN-001,2025-03-03,2025-03-21,2025-03-21,atendido,,2025-03-21
PED-000058,CLI-0026,VEN-008,2025-03-10,2025-03-28,2025-03-28,atendido,,2025-03-28
PED-000059,CLI-0006,VEN-007,2025-03-17,2025-04-04,2025-04-04,atendido,,2025-04-04
PED-000060,CLI-0032,VEN-012,2025-03-24,2025-04-11,2025-04-11,atendido,,2025-04-11
PED-000061,CLI-0013,VEN-005,2025-04-03,2025-04-21,2025-04-21,atendido,,2025-04-21
PED-000062,CLI-0006,VEN-005,2025-04-10,2025-04-28,2025-04-28,atendido,,2025-04-28
PED-000063,CLI-0042,VEN-006,2025-04-17,2025-05-05,2025-05-05,atendido,,2025-05-05
PED-000064,CLI-0013,VEN-005,2025-04-24,2025-05-12,2025-05-12,atendido,,2025-05-12
PED-000065,CLI-0058,VEN-008,2025-04-03,2025-04-21,2025-04-21,atendido,,2025-04-21
PED-000066,CLI-0048,VEN-011,2025-04-10,2025-04-28,2025-04-28,atendido,,2025-04-28
PED-000067,CLI-0067,VEN-009,2025-04-17,2025-05-05,2025-05-05,atendido,,2025-05-05
PED-000068,CLI-0034,VEN-002,2025-04-24,2025-05-12,2025-05-12,atendido,,2025-05-12
PED-000069,CLI-0065,VEN-027,2025-04-03,2025-04-21,2025-04-21,atendido,,2025-04-21
PED-000070,CLI-0016,VEN-027,2025-04-10,2025-04-28,2025-04-28,atendido,,2025-04-28
PED-000071,CLI-0001,VEN-027,2025-04-17,2025-05-05,2025-05-05,atendido,,2025-05-05
PED-000072,CLI-0033,VEN-027,2025-04-24,2025-05-12,2025-05-12,atendido,,2025-05-12
PED-000073,CLI-0046,VEN-027,2025-04-03,2025-04-21,2025-04-21,atendido,,2025-04-21
PED-000074,CLI-0068,VEN-027,2025-04-10,2025-04-28,2025-04-28,atendido,,2025-04-28
PED-000075,CLI-0008,VEN-001,2025-04-17,2025-05-05,2025-05-05,atendido,,2025-05-05
PED-000076,CLI-0075,VEN-027,2025-04-24,2025-05-12,2025-05-12,atendido,,2025-05-12
PED-000077,CLI-0038,VEN-003,2025-04-03,2025-04-21,2025-04-21,atendido,,2025-04-21
PED-000078,CLI-0076,VEN-011,2025-04-10,2025-04-28,2025-04-28,atendido,,2025-04-28
PED-000079,CLI-0057,VEN-010,2025-04-17,2025-05-05,2025-05-05,atendido,,2025-05-05
PED-000080,CLI-0020,VEN-008,2025-04-24,2025-05-12,2025-05-12,atendido,,2025-05-12
PED-000081,CLI-0070,VEN-006,2025-05-03,2025-05-21,2025-05-21,atendido,,2025-05-21
PED-000082,CLI-0079,VEN-005,2025-05-10,2025-05-28,2025-05-28,atendido,,2025-05-28
PED-000083,CLI-0040,VEN-010,2025-05-17,2025-06-04,2025-06-04,atendido,,2025-06-04
PED-000084,CLI-0038,VEN-002,2025-05-24,2025-06-11,2025-06-11,atendido,,2025-06-11
PED-000085,CLI-0009,VEN-010,2025-05-03,2025-05-21,2025-05-21,atendido,,2025-05-21
PED-000086,CLI-0051,VEN-004,2025-05-10,2025-05-28,2025-05-28,atendido,,2025-05-28
PED-000087,CLI-0055,VEN-006,2025-05-17,2025-06-04,2025-06-04,atendido,,2025-06-04
PED-000088,CLI-0028,VEN-005,2025-05-24,2025-06-11,2025-06-11,atendido,,2025-06-11
PED-000089,CLI-0020,VEN-006,2025-05-03,2025-05-21,2025-05-21,atendido,,2025-05-21
PED-000090,CLI-0030,VEN-027,2025-05-10,2025-05-28,2025-05-28,atendido,,2025-05-28
PED-000091,CLI-0066,VEN-027,2025-05-17,2025-06-04,2025-06-04,atendido,,2025-06-04
PED-000092,CLI-0027,VEN-027,2025-05-24,2025-06-11,2025-06-11,atendido,,2025-06-11
PED-000093,CLI-0047,VEN-005,2025-05-03,2025-05-21,2025-05-21,atendido,,2025-05-21
PED-000094,CLI-0052,VEN-011,2025-05-10,2025-05-28,2025-05-28,atendido,,2025-05-28
PED-000095,CLI-0018,VEN-027,2025-05-17,2025-06-04,2025-06-04,atendido,,2025-06-04
PED-000096,CLI-0052,VEN-027,2025-05-24,2025-06-11,2025-06-11,atendido,,2025-06-11
PED-000097,CLI-0005,VEN-002,2025-05-03,2025-05-21,2025-05-21,atendido,,2025-05-21
PED-000098,CLI-0072,VEN-011,2025-05-10,2025-05-28,2025-05-28,atendido,,2025-05-28
PED-000099,CLI-0025,VEN-008,2025-05-17,2025-06-04,2025-06-04,atendido,,2025-06-04
PED-000100,CLI-0026,VEN-003,2025-05-24,2025-06-11,2025-06-11,atendido,,2025-06-11
PED-000101,CLI-0047,VEN-008,2025-06-03,2025-06-21,2025-06-21,atendido,,2025-06-21
PED-000102,CLI-0004,VEN-010,2025-06-10,2025-06-28,2025-06-28,atendido,,2025-06-28
PED-000103,CLI-0001,VEN-006,2025-06-17,2025-07-05,2025-07-05,atendido,,2025-07-05
PED-000104,CLI-0050,VEN-010,2025-06-24,2025-07-12,2025-07-12,atendido,,2025-07-12
PED-000105,CLI-0019,VEN-001,2025-06-03,2025-06-21,2025-06-21,atendido,,2025-06-21
PED-000106,CLI-0033,VEN-010,2025-06-10,2025-06-28,2025-06-28,atendido,,2025-06-28
PED-000107,CLI-0024,VEN-012,2025-06-17,2025-07-05,2025-07-05,atendido,,2025-07-05
PED-000108,CLI-0013,VEN-012,2025-06-24,2025-07-12,2025-07-12,atendido,,2025-07-12
PED-000109,CLI-0015,VEN-011,2025-06-03,2025-06-21,2025-06-21,atendido,,2025-06-21
PED-000110,CLI-0014,VEN-002,2025-06-10,2025-06-28,2025-06-28,atendido,,2025-06-28
PED-000111,CLI-0062,VEN-008,2025-06-17,2025-07-05,2025-07-05,atendido,,2025-07-05
PED-000112,CLI-0021,VEN-027,2025-06-24,2025-07-12,2025-07-12,atendido,,2025-07-12
PED-000113,CLI-0061,VEN-027,2025-06-03,2025-06-21,2025-06-21,atendido,,2025-06-21
PED-000114,CLI-0024,VEN-004,2025-06-10,2025-06-28,2025-06-28,atendido,,2025-06-28
PED-000115,CLI-0043,VEN-011,2025-06-17,2025-07-05,2025-07-05,atendido,,2025-07-05
PED-000116,CLI-0063,VEN-004,2025-06-24,2025-07-12,2025-07-12,atendido,,2025-07-12
PED-000117,CLI-0070,VEN-005,2025-06-03,2025-06-21,2025-06-21,atendido,,2025-06-21
PED-000118,CLI-0071,VEN-009,2025-06-10,2025-06-28,2025-06-28,atendido,,2025-06-28
PED-000119,CLI-0052,VEN-004,2025-06-17,2025-07-05,2025-07-05,atendido,,2025-07-05
PED-000120,CLI-0037,VEN-002,2025-06-24,2025-07-12,2025-07-12,atendido,,2025-07-12
PED-000121,CLI-0056,VEN-001,2025-07-03,2025-07-21,2025-07-21,atendido,,2025-07-21
PED-000122,CLI-0056,VEN-007,2025-07-10,2025-07-28,2025-07-28,atendido,,2025-07-28
PED-000123,CLI-0070,VEN-011,2025-07-17,2025-08-04,2025-08-04,atendido,,2025-08-04
PED-000124,CLI-0057,VEN-010,2025-07-24,2025-08-11,2025-08-11,atendido,,2025-08-11
PED-000125,CLI-0005,VEN-009,2025-07-03,2025-07-21,2025-07-21,atendido,,2025-07-21
PED-000126,CLI-0054,VEN-009,2025-07-10,2025-07-28,2025-07-28,atendido,,2025-07-28
PED-000127,CLI-0054,VEN-009,2025-07-17,2025-08-04,2025-08-04,atendido,,2025-08-04
PED-000128,CLI-0075,VEN-012,2025-07-24,2025-08-11,2025-08-11,atendido,,2025-08-11
PED-000129,CLI-0052,VEN-009,2025-07-03,2025-07-21,2025-07-21,atendido,,2025-07-21
PED-000130,CLI-0062,VEN-001,2025-07-10,2025-07-28,2025-07-28,atendido,,2025-07-28
PED-000131,CLI-0078,VEN-012,2025-07-17,2025-08-04,2025-08-04,atendido,,2025-08-04
PED-000132,CLI-0071,VEN-027,2025-07-24,2025-08-11,2025-08-11,atendido,,2025-08-11
PED-000133,CLI-0041,VEN-008,2025-07-03,2025-07-21,2025-07-21,atendido,,2025-07-21
PED-000134,CLI-0047,VEN-027,2025-07-10,2025-07-28,2025-07-28,atendido,,2025-07-28
PED-000135,CLI-0024,VEN-027,2025-07-17,2025-08-04,2025-08-04,atendido,,2025-08-04
PED-000136,CLI-0057,VEN-027,2025-07-24,2025-08-11,2025-08-11,atendido,,2025-08-11
PED-000137,CLI-0065,VEN-001,2025-07-03,2025-07-21,2025-07-21,atendido,,2025-07-21
PED-000138,CLI-0034,VEN-006,2025-07-10,2025-07-28,2025-07-28,atendido,,2025-07-28
PED-000139,CLI-0020,VEN-012,2025-07-17,2025-08-04,2025-08-04,atendido,,2025-08-04
PED-000140,CLI-0016,VEN-007,2025-07-24,2025-08-11,2025-08-11,atendido,,2025-08-11
PED-000141,CLI-0014,VEN-011,2025-08-03,2025-08-21,2025-08-21,atendido,,2025-08-21
PED-000142,CLI-0009,VEN-005,2025-08-10,2025-08-28,2025-08-28,atendido,,2025-08-28
PED-000143,CLI-0031,VEN-006,2025-08-17,2025-09-04,2025-09-04,atendido,,2025-09-04
PED-000144,CLI-0039,VEN-004,2025-08-24,2025-09-11,2025-09-11,atendido,,2025-09-11
PED-000145,CLI-0036,VEN-009,2025-08-03,2025-08-21,2025-08-21,atendido,,2025-08-21
PED-000146,CLI-0005,VEN-011,2025-08-10,2025-08-28,2025-08-28,atendido,,2025-08-28
PED-000147,CLI-0052,VEN-008,2025-08-17,2025-09-04,2025-09-04,atendido,,2025-09-04
PED-000148,CLI-0009,VEN-010,2025-08-24,2025-09-11,2025-09-11,atendido,,2025-09-11
PED-000149,CLI-0042,VEN-027,2025-08-03,2025-08-21,2025-08-21,atendido,,2025-08-21
PED-000150,CLI-0063,VEN-027,2025-08-10,2025-08-28,2025-08-28,atendido,,2025-08-28
PED-000151,CLI-0079,VEN-027,2025-08-17,2025-09-04,2025-09-04,atendido,,2025-09-04
PED-000152,CLI-0009,VEN-027,2025-08-24,2025-09-11,2025-09-11,atendido,,2025-09-11
PED-000153,CLI-0035,VEN-027,2025-08-03,2025-08-21,2025-08-21,atendido,,2025-08-21
PED-000154,CLI-0024,VEN-007,2025-08-10,2025-08-28,2025-08-28,atendido,,2025-08-28
PED-000155,CLI-0066,VEN-002,2025-08-17,2025-09-04,2025-09-04,atendido,,2025-09-04
PED-000156,CLI-0018,VEN-027,2025-08-24,2025-09-11,2025-09-11,atendido,,2025-09-11
PED-000157,CLI-0027,VEN-003,2025-08-03,2025-08-21,2025-08-21,atendido,,2025-08-21
PED-000158,CLI-0044,VEN-001,2025-08-10,2025-08-28,2025-08-28,atendido,,2025-08-28
PED-000159,CLI-0017,VEN-008,2025-08-17,2025-09-04,2025-09-04,atendido,,2025-09-04
PED-000160,CLI-0079,VEN-003,2025-08-24,2025-09-11,2025-09-11,atendido,,2025-09-11
PED-000161,CLI-0058,VEN-001,2025-09-03,2025-09-21,2025-09-21,atendido,,2025-09-21
PED-000162,CLI-0025,VEN-010,2025-09-10,2025-09-28,2025-09-28,atendido,,2025-09-28
PED-000163,CLI-0062,VEN-012,2025-09-17,2025-10-05,2025-10-05,atendido,,2025-10-05
PED-000164,CLI-0008,VEN-008,2025-09-24,2025-10-12,2025-10-12,atendido,,2025-10-12
PED-000165,CLI-0007,VEN-003,2025-09-03,2025-09-21,2025-09-21,atendido,,2025-09-21
PED-000166,CLI-0019,VEN-011,2025-09-10,2025-09-28,2025-09-28,atendido,,2025-09-28
PED-000167,CLI-0059,VEN-003,2025-09-17,2025-10-05,2025-10-05,atendido,,2025-10-05
PED-000168,CLI-0005,VEN-012,2025-09-24,2025-10-12,2025-10-12,atendido,,2025-10-12
PED-000169,CLI-0036,VEN-027,2025-09-03,2025-09-21,2025-09-21,atendido,,2025-09-21
PED-000170,CLI-0022,VEN-027,2025-09-10,2025-09-28,2025-09-28,atendido,,2025-09-28
PED-000171,CLI-0006,VEN-004,2025-09-17,2025-10-05,2025-10-05,atendido,,2025-10-05
PED-000172,CLI-0076,VEN-027,2025-09-24,2025-10-12,2025-10-12,atendido,,2025-10-12
PED-000173,CLI-0054,VEN-027,2025-09-03,2025-09-21,2025-09-21,atendido,,2025-09-21
PED-000174,CLI-0077,VEN-027,2025-09-10,2025-09-28,2025-09-28,atendido,,2025-09-28
PED-000175,CLI-0011,VEN-007,2025-09-17,2025-10-05,2025-10-05,atendido,,2025-10-05
PED-000176,CLI-0026,VEN-001,2025-09-24,2025-10-12,2025-10-12,atendido,,2025-10-12
PED-000177,CLI-0035,VEN-012,2025-09-03,2025-09-21,2025-09-21,atendido,,2025-09-21
PED-000178,CLI-0042,VEN-005,2025-09-10,2025-09-28,2025-09-28,atendido,,2025-09-28
PED-000179,CLI-0044,VEN-006,2025-09-17,2025-10-05,2025-10-05,atendido,,2025-10-05
PED-000180,CLI-0040,VEN-003,2025-09-24,2025-10-12,2025-10-12,atendido,,2025-10-12
PED-000181,CLI-0051,VEN-012,2025-10-03,2025-10-21,2025-10-21,atendido,,2025-10-21
PED-000182,CLI-0015,VEN-001,2025-10-10,2025-10-28,2025-10-28,atendido,,2025-10-28
PED-000183,CLI-0079,VEN-009,2025-10-17,2025-11-04,2025-11-04,atendido,,2025-11-04
PED-000184,CLI-0026,VEN-011,2025-10-24,2025-11-11,2025-11-11,atendido,,2025-11-11
PED-000185,CLI-0053,VEN-005,2025-10-03,2025-10-21,2025-10-21,atendido,,2025-10-21
PED-000186,CLI-0051,VEN-006,2025-10-10,2025-10-28,2025-10-28,atendido,,2025-10-28
PED-000187,CLI-0052,VEN-006,2025-10-17,2025-11-04,2025-11-04,atendido,,2025-11-04
PED-000188,CLI-0042,VEN-012,2025-10-24,2025-11-11,2025-11-11,atendido,,2025-11-11
PED-000189,CLI-0060,VEN-027,2025-10-03,2025-10-21,2025-10-21,atendido,,2025-10-21
PED-000190,CLI-0037,VEN-007,2025-10-10,2025-10-28,2025-10-28,atendido,,2025-10-28
PED-000191,CLI-0074,VEN-027,2025-10-17,2025-11-04,2025-11-04,atendido,,2025-11-04
PED-000192,CLI-0020,VEN-010,2025-10-24,2025-11-11,2025-11-11,atendido,,2025-11-11
PED-000193,CLI-0065,VEN-002,2025-10-03,2025-10-21,2025-10-21,atendido,,2025-10-21
PED-000194,CLI-0064,VEN-027,2025-10-10,2025-10-28,2025-10-28,atendido,,2025-10-28
PED-000195,CLI-0049,VEN-027,2025-10-17,2025-11-04,2025-11-04,atendido,,2025-11-04
PED-000196,CLI-0080,VEN-027,2025-10-24,2025-11-11,2025-11-11,atendido,,2025-11-11
PED-000197,CLI-0058,VEN-006,2025-10-03,2025-10-21,2025-10-21,atendido,,2025-10-21
PED-000198,CLI-0024,VEN-012,2025-10-10,2025-10-28,2025-10-28,atendido,,2025-10-28
PED-000199,CLI-0026,VEN-011,2025-10-17,2025-11-04,2025-11-04,atendido,,2025-11-04
PED-000200,CLI-0008,VEN-011,2025-10-24,2025-11-11,2025-11-11,atendido,,2025-11-11
PED-000201,CLI-0037,VEN-011,2025-11-03,2025-11-21,2025-11-21,atendido,,2025-11-21
PED-000202,CLI-0075,VEN-007,2025-11-10,2025-11-28,2025-11-28,atendido,,2025-11-28
PED-000203,CLI-0025,VEN-006,2025-11-17,2025-12-05,2025-12-05,atendido,,2025-12-05
PED-000204,CLI-0007,VEN-001,2025-11-24,2025-12-12,2025-12-12,atendido,,2025-12-12
PED-000205,CLI-0040,VEN-009,2025-11-03,2025-11-21,2025-11-21,atendido,,2025-11-21
PED-000206,CLI-0046,VEN-001,2025-11-10,2025-11-28,2025-11-28,atendido,,2025-11-28
PED-000207,CLI-0001,VEN-004,2025-11-17,2025-12-05,2025-12-05,atendido,,2025-12-05
PED-000208,CLI-0052,VEN-007,2025-11-24,2025-12-12,2025-12-12,atendido,,2025-12-12
PED-000209,CLI-0063,VEN-027,2025-11-03,2025-11-21,2025-11-21,atendido,,2025-11-21
PED-000210,CLI-0044,VEN-027,2025-11-10,2025-11-28,2025-11-28,atendido,,2025-11-28
PED-000211,CLI-0074,VEN-007,2025-11-17,2025-12-05,2025-12-05,atendido,,2025-12-05
PED-000212,CLI-0020,VEN-009,2025-11-24,2025-12-12,2025-12-12,atendido,,2025-12-12
PED-000213,CLI-0009,VEN-005,2025-11-03,2025-11-21,2025-11-21,atendido,,2025-11-21
PED-000214,CLI-0004,VEN-027,2025-11-10,2025-11-28,2025-11-28,atendido,,2025-11-28
PED-000215,CLI-0076,VEN-027,2025-11-17,2025-12-05,2025-12-05,atendido,,2025-12-05
PED-000216,CLI-0013,VEN-004,2025-11-24,2025-12-12,2025-12-12,atendido,,2025-12-12
PED-000217,CLI-0020,VEN-004,2025-11-03,2025-11-21,2025-11-21,atendido,,2025-11-21
PED-000218,CLI-0045,VEN-001,2025-11-10,2025-11-28,2025-11-28,atendido,,2025-11-28
PED-000219,CLI-0008,VEN-012,2025-11-17,2025-12-05,2025-12-05,atendido,,2025-12-05
PED-000220,CLI-0056,VEN-001,2025-11-24,2025-12-12,2025-12-12,atendido,,2025-12-12
PED-000221,CLI-0015,VEN-006,2025-12-03,2025-12-21,2025-12-21,atendido,,2025-12-21
PED-000222,CLI-0030,VEN-003,2025-12-10,2025-12-28,2025-12-28,atendido,,2025-12-28
PED-000223,CLI-0004,VEN-006,2025-12-17,2026-01-04,2026-01-04,atendido,,2026-01-04
PED-000224,CLI-0075,VEN-002,2025-12-24,2026-01-11,2026-01-11,atendido,,2026-01-11
PED-000225,CLI-0023,VEN-001,2025-12-03,2025-12-21,2025-12-21,atendido,,2025-12-21
PED-000226,CLI-0008,VEN-001,2025-12-10,2025-12-28,2025-12-28,atendido,,2025-12-28
PED-000227,CLI-0042,VEN-005,2025-12-17,2026-01-04,2026-01-04,atendido,,2026-01-04
PED-000228,CLI-0012,VEN-009,2025-12-24,2026-01-11,2026-01-11,atendido,,2026-01-11
PED-000229,CLI-0007,VEN-004,2025-12-03,2025-12-21,2025-12-21,atendido,,2025-12-21
PED-000230,CLI-0058,VEN-008,2025-12-10,2025-12-28,2025-12-28,atendido,,2025-12-28
PED-000231,CLI-0045,VEN-027,2025-12-17,2026-01-04,2026-01-04,atendido,,2026-01-04
PED-000232,CLI-0079,VEN-027,2025-12-24,2026-01-11,2026-01-11,atendido,,2026-01-11
PED-000233,CLI-0051,VEN-006,2025-12-03,2025-12-21,2025-12-21,atendido,,2025-12-21
PED-000234,CLI-0021,VEN-027,2025-12-10,2025-12-28,2025-12-28,atendido,,2025-12-28
PED-000235,CLI-0065,VEN-002,2025-12-17,2026-01-04,2026-01-04,atendido,,2026-01-04
PED-000236,CLI-0015,VEN-011,2025-12-24,2026-01-11,2026-01-11,atendido,,2026-01-11
PED-000237,CLI-0075,VEN-008,2025-12-03,2025-12-21,2025-12-21,atendido,,2025-12-21
PED-000238,CLI-0010,VEN-011,2025-12-10,2025-12-28,2025-12-28,atendido,,2025-12-28
PED-000239,CLI-0005,VEN-012,2025-12-17,2026-01-04,2026-01-04,atendido,,2026-01-04
PED-000240,CLI-0040,VEN-006,2025-12-24,2026-01-11,2026-01-11,atendido,,2026-01-11
PED-000241,CLI-0014,VEN-007,2026-01-03,2026-01-21,2026-01-21,atendido,,2026-01-21
PED-000242,CLI-0056,VEN-011,2026-01-10,2026-01-28,2026-01-28,atendido,,2026-01-28
PED-000243,CLI-0014,VEN-002,2026-01-17,2026-02-04,2026-02-04,atendido,,2026-02-04
PED-000244,CLI-0007,VEN-011,2026-01-24,2026-02-11,2026-02-11,atendido,,2026-02-11
PED-000245,CLI-0059,VEN-011,2026-01-03,2026-01-21,2026-01-21,atendido,,2026-01-21
PED-000246,CLI-0063,VEN-003,2026-01-10,2026-01-28,2026-01-28,atendido,,2026-01-28
PED-000247,CLI-0056,VEN-002,2026-01-17,2026-02-04,2026-02-04,atendido,,2026-02-04
PED-000248,CLI-0022,VEN-008,2026-01-24,2026-02-11,2026-02-11,atendido,,2026-02-11
PED-000249,CLI-0023,VEN-007,2026-01-03,2026-01-21,2026-01-21,atendido,,2026-01-21
PED-000250,CLI-0039,VEN-002,2026-01-10,2026-01-28,2026-01-28,atendido,,2026-01-28
PED-000251,CLI-0052,VEN-027,2026-01-17,2026-02-04,2026-02-04,atendido,,2026-02-04
PED-000252,CLI-0030,VEN-027,2026-01-24,2026-02-11,2026-02-11,atendido,,2026-02-11
PED-000253,CLI-0054,VEN-027,2026-01-03,2026-01-21,2026-01-21,atendido,,2026-01-21
PED-000254,CLI-0050,VEN-027,2026-01-10,2026-01-28,2026-01-28,atendido,,2026-01-28
PED-000255,CLI-0029,VEN-027,2026-01-17,2026-02-04,2026-02-04,atendido,,2026-02-04
PED-000256,CLI-0077,VEN-005,2026-01-24,2026-02-11,2026-02-11,atendido,,2026-02-11
PED-000257,CLI-0024,VEN-004,2026-01-03,2026-01-21,2026-01-21,atendido,,2026-01-21
PED-000258,CLI-0007,VEN-008,2026-01-10,2026-01-28,2026-01-28,atendido,,2026-01-28
PED-000259,CLI-0005,VEN-005,2026-01-17,2026-02-04,2026-02-04,atendido,,2026-02-04
PED-000260,CLI-0075,VEN-008,2026-01-24,2026-02-11,2026-02-11,atendido,,2026-02-11
PED-000261,CLI-0009,VEN-006,2026-02-03,2026-02-21,2026-02-21,atendido,,2026-02-21
PED-000262,CLI-0044,VEN-010,2026-02-10,2026-02-28,2026-02-28,atendido,,2026-02-28
PED-000263,CLI-0034,VEN-009,2026-02-17,2026-03-07,2026-03-07,atendido,,2026-03-07
PED-000264,CLI-0015,VEN-007,2026-02-24,2026-03-14,2026-03-14,atendido,,2026-03-14
PED-000265,CLI-0057,VEN-001,2026-02-03,2026-02-21,2026-02-21,atendido,,2026-02-21
PED-000266,CLI-0009,VEN-006,2026-02-10,2026-02-28,2026-02-28,atendido,,2026-02-28
PED-000267,CLI-0005,VEN-009,2026-02-17,2026-03-07,2026-03-07,atendido,,2026-03-07
PED-000268,CLI-0080,VEN-003,2026-02-24,2026-03-14,2026-03-14,atendido,,2026-03-14
PED-000269,CLI-0031,VEN-027,2026-02-03,2026-02-21,2026-02-21,atendido,,2026-02-21
PED-000270,CLI-0072,VEN-011,2026-02-10,2026-02-28,2026-02-28,atendido,,2026-02-28
PED-000271,CLI-0029,VEN-027,2026-02-17,2026-03-07,2026-03-07,atendido,,2026-03-07
PED-000272,CLI-0006,VEN-027,2026-02-24,2026-03-14,2026-03-14,atendido,,2026-03-14
PED-000273,CLI-0031,VEN-011,2026-02-03,2026-02-21,2026-02-21,atendido,,2026-02-21
PED-000274,CLI-0053,VEN-027,2026-02-10,2026-02-28,2026-02-28,atendido,,2026-02-28
PED-000275,CLI-0043,VEN-027,2026-02-17,2026-03-07,2026-03-07,atendido,,2026-03-07
PED-000276,CLI-0033,VEN-007,2026-02-24,2026-03-14,2026-03-14,atendido,,2026-03-14
PED-000277,CLI-0030,VEN-009,2026-02-03,2026-02-21,2026-02-21,atendido,,2026-02-21
PED-000278,CLI-0058,VEN-009,2026-02-10,2026-02-28,2026-02-28,atendido,,2026-02-28
PED-000279,CLI-0001,VEN-006,2026-02-17,2026-03-07,2026-03-07,atendido,,2026-03-07
PED-000280,CLI-0013,VEN-010,2026-02-24,2026-03-14,2026-03-14,atendido,,2026-03-14
PED-000281,CLI-0072,VEN-005,2026-03-03,2026-03-21,2026-03-21,atendido,,2026-03-21
PED-000282,CLI-0043,VEN-007,2026-03-10,2026-03-28,2026-03-28,atendido,,2026-03-28
PED-000283,CLI-0054,VEN-002,2026-03-17,2026-04-04,2026-04-04,atendido,,2026-04-04
PED-000284,CLI-0073,VEN-009,2026-03-24,2026-04-11,2026-04-11,atendido,,2026-04-11
PED-000285,CLI-0036,VEN-011,2026-03-03,2026-03-21,2026-03-21,atendido,,2026-03-21
PED-000286,CLI-0004,VEN-001,2026-03-10,2026-03-28,2026-03-28,atendido,,2026-03-28
PED-000287,CLI-0053,VEN-012,2026-03-17,2026-04-04,2026-04-04,atendido,,2026-04-04
PED-000288,CLI-0054,VEN-012,2026-03-24,2026-04-11,2026-04-11,atendido,,2026-04-11
PED-000289,CLI-0064,VEN-027,2026-03-03,2026-03-21,2026-03-21,atendido,,2026-03-21
PED-000290,CLI-0037,VEN-006,2026-03-10,2026-03-28,2026-03-28,atendido,,2026-03-28
PED-000291,CLI-0052,VEN-027,2026-03-17,2026-04-04,2026-04-04,atendido,,2026-04-04
PED-000292,CLI-0061,VEN-027,2026-03-24,2026-04-11,2026-04-11,atendido,,2026-04-11
PED-000293,CLI-0012,VEN-027,2026-03-03,2026-03-21,2026-03-21,atendido,,2026-03-21
PED-000294,CLI-0021,VEN-027,2026-03-10,2026-03-28,2026-03-28,atendido,,2026-03-28
PED-000295,CLI-0024,VEN-027,2026-03-17,2026-04-04,2026-04-04,atendido,,2026-04-04
PED-000296,CLI-0019,VEN-001,2026-03-24,2026-04-11,2026-04-11,atendido,,2026-04-11
PED-000297,CLI-0047,VEN-002,2026-03-03,2026-03-21,2026-03-21,atendido,,2026-03-21
PED-000298,CLI-0072,VEN-003,2026-03-10,2026-03-28,2026-03-28,atendido,,2026-03-28
PED-000299,CLI-0019,VEN-006,2026-03-17,2026-04-04,2026-04-04,atendido,,2026-04-04
PED-000300,CLI-0009,VEN-006,2026-03-24,2026-04-11,2026-04-11,atendido,,2026-04-11
PED-000301,CLI-0064,VEN-001,2026-04-03,2026-04-21,2026-04-21,atendido,,2026-04-21
PED-000302,CLI-0032,VEN-005,2026-04-10,2026-04-28,2026-04-28,atendido,,2026-04-28
PED-000303,CLI-0043,VEN-004,2026-04-17,2026-05-05,2026-05-05,atendido,,2026-05-05
PED-000304,CLI-0025,VEN-009,2026-04-24,2026-05-12,2026-05-12,atendido,,2026-05-12
PED-000305,CLI-0021,VEN-006,2026-04-03,2026-04-21,2026-04-21,atendido,,2026-04-21
PED-000306,CLI-0056,VEN-002,2026-04-10,2026-04-28,2026-04-28,atendido,,2026-04-28
PED-000307,CLI-0078,VEN-012,2026-04-17,2026-05-05,2026-05-05,atendido,,2026-05-05
PED-000308,CLI-0063,VEN-006,2026-04-24,2026-05-12,2026-05-12,atendido,,2026-05-12
PED-000309,CLI-0062,VEN-027,2026-04-03,2026-04-21,2026-04-21,atendido,,2026-04-21
PED-000310,CLI-0001,VEN-007,2026-04-10,2026-04-28,2026-04-28,atendido,,2026-04-28
PED-000311,CLI-0054,VEN-005,2026-04-17,2026-05-05,2026-05-05,atendido,,2026-05-05
PED-000312,CLI-0072,VEN-010,2026-04-24,2026-05-12,2026-05-12,atendido,,2026-05-12
PED-000313,CLI-0063,VEN-027,2026-04-03,2026-04-21,2026-04-21,atendido,,2026-04-21
PED-000314,CLI-0003,VEN-027,2026-04-10,2026-04-28,2026-04-28,atendido,,2026-04-28
PED-000315,CLI-0057,VEN-027,2026-04-17,2026-05-05,2026-05-05,atendido,,2026-05-05
PED-000316,CLI-0018,VEN-006,2026-04-24,2026-05-12,2026-05-12,atendido,,2026-05-12
PED-000317,CLI-0046,VEN-004,2026-04-03,2026-04-21,2026-04-21,atendido,,2026-04-21
PED-000318,CLI-0055,VEN-002,2026-04-10,2026-04-28,2026-04-28,atendido,,2026-04-28
PED-000319,CLI-0028,VEN-007,2026-04-17,2026-05-05,2026-05-05,atendido,,2026-05-05
PED-000320,CLI-0021,VEN-011,2026-04-24,2026-05-12,2026-05-12,atendido,,2026-05-12
PED-000321,CLI-0064,VEN-011,2026-05-03,2026-05-21,2026-05-21,atendido,,2026-05-21
PED-000322,CLI-0021,VEN-004,2026-05-10,2026-05-28,2026-05-28,atendido,,2026-05-28
PED-000323,CLI-0038,VEN-006,2026-05-17,2026-06-04,2026-06-04,atendido,,2026-06-04
PED-000324,CLI-0013,VEN-010,2026-05-24,2026-06-11,2026-06-11,atendido,,2026-06-11
PED-000325,CLI-0005,VEN-004,2026-05-03,2026-05-21,2026-05-21,atendido,,2026-05-21
PED-000326,CLI-0051,VEN-002,2026-05-10,2026-05-28,2026-05-28,atendido,,2026-05-28
PED-000327,CLI-0020,VEN-008,2026-05-17,2026-06-04,2026-06-04,atendido,,2026-06-04
PED-000328,CLI-0018,VEN-004,2026-05-24,2026-06-11,2026-06-11,atendido,,2026-06-11
PED-000329,CLI-0050,VEN-027,2026-05-03,2026-05-21,2026-05-21,atendido,,2026-05-21
PED-000330,CLI-0022,VEN-027,2026-05-10,2026-05-28,2026-05-28,atendido,,2026-05-28
PED-000331,CLI-0044,VEN-027,2026-05-17,2026-06-04,2026-06-04,atendido,,2026-06-04
PED-000332,CLI-0060,VEN-027,2026-05-24,2026-06-11,2026-06-11,atendido,,2026-06-11
PED-000333,CLI-0080,VEN-027,2026-05-03,2026-05-21,2026-05-21,atendido,,2026-05-21
PED-000334,CLI-0006,VEN-008,2026-05-10,2026-05-28,2026-05-28,atendido,,2026-05-28
PED-000335,CLI-0037,VEN-027,2026-05-17,2026-06-04,2026-06-04,atendido,,2026-06-04
PED-000336,CLI-0035,VEN-006,2026-05-24,2026-06-11,2026-06-11,atendido,,2026-06-11
PED-000337,CLI-0056,VEN-008,2026-05-03,2026-05-21,2026-05-21,atendido,,2026-05-21
PED-000338,CLI-0046,VEN-004,2026-05-10,2026-05-28,2026-05-28,atendido,,2026-05-28
PED-000339,CLI-0068,VEN-001,2026-05-17,2026-06-04,2026-06-04,atendido,,2026-06-04
PED-000340,CLI-0033,VEN-005,2026-05-24,2026-06-11,2026-06-11,atendido,,2026-06-11
PED-000341,CLI-0065,VEN-001,2026-06-03,2026-06-21,2026-06-21,atendido,,2026-06-21
PED-000342,CLI-0011,VEN-005,2026-06-10,2026-06-28,2026-06-28,atendido,,2026-06-28
PED-000343,CLI-0042,VEN-009,2026-06-17,2026-07-05,2026-07-05,atendido,,2026-07-05
PED-000344,CLI-0055,VEN-012,2026-06-24,2026-07-12,2026-07-12,atendido,,2026-07-12
PED-000345,CLI-0020,VEN-004,2026-06-03,2026-06-21,2026-06-21,atendido,,2026-06-21
PED-000346,CLI-0013,VEN-012,2026-06-10,2026-06-28,2026-06-28,atendido,,2026-06-28
PED-000347,CLI-0015,VEN-009,2026-06-17,2026-07-05,2026-07-05,atendido,,2026-07-05
PED-000348,CLI-0071,VEN-008,2026-06-24,2026-07-12,2026-07-12,atendido,,2026-07-12
PED-000349,CLI-0041,VEN-001,2026-06-03,2026-06-21,2026-06-21,atendido,,2026-06-21
PED-000350,CLI-0062,VEN-027,2026-06-10,2026-06-28,2026-06-28,atendido,,2026-06-28
PED-000351,CLI-0038,VEN-011,2026-06-17,2026-07-05,2026-07-05,atendido,,2026-07-05
PED-000352,CLI-0040,VEN-011,2026-06-24,2026-07-12,2026-07-12,atendido,,2026-07-12
PED-000353,CLI-0046,VEN-027,2026-06-03,2026-06-21,2026-06-21,atendido,,2026-06-21
PED-000354,CLI-0079,VEN-027,2026-06-10,2026-06-28,2026-06-28,atendido,,2026-06-28
PED-000355,CLI-0052,VEN-027,2026-06-17,2026-07-05,2026-07-05,atendido,,2026-07-05
PED-000356,CLI-0017,VEN-011,2026-06-24,2026-07-12,2026-07-12,atendido,,2026-07-12
PED-000357,CLI-0032,VEN-002,2026-06-03,2026-06-21,2026-06-21,atendido,,2026-06-21
PED-000358,CLI-0032,VEN-010,2026-06-10,2026-06-28,2026-06-28,atendido,,2026-06-28
PED-000359,CLI-0063,VEN-012,2026-06-17,2026-07-05,2026-07-05,atendido,,2026-07-05
PED-000360,CLI-0030,VEN-010,2026-06-24,2026-07-12,2026-07-12,atendido,,2026-07-12
PED-000361,CLI-0057,VEN-011,2026-07-03,2026-07-21,2026-07-21,atendido,CMP-COM-2026-07-AX,2026-07-21
PED-000362,CLI-0020,VEN-003,2026-07-10,2026-07-28,2026-07-28,atendido,CMP-COM-2026-07-AX,2026-07-28
PED-000363,CLI-0068,VEN-012,2026-07-17,2026-08-04,2026-08-04,atendido,CMP-COM-2026-07-AX,2026-08-04
PED-000364,CLI-0065,VEN-010,2026-07-24,2026-08-11,2026-08-11,atendido,CMP-COM-2026-07-AX,2026-08-11
PED-000365,CLI-0080,VEN-002,2026-07-03,2026-07-21,2026-07-21,atendido,CMP-COM-2026-07-AX,2026-07-21
PED-000366,CLI-0008,VEN-012,2026-07-10,2026-07-28,2026-07-28,atendido,CMP-COM-2026-07-AX,2026-07-28
PED-000367,CLI-0021,VEN-003,2026-07-17,2026-08-04,2026-08-04,atendido,CMP-COM-2026-07-AX,2026-08-04
PED-000368,CLI-0002,VEN-004,2026-07-24,2026-08-11,2026-08-11,atendido,CMP-COM-2026-07-AX,2026-08-11
PED-000369,CLI-0009,VEN-027,2026-07-03,2026-07-21,2026-07-21,atendido,CMP-COM-2026-07-AX,2026-07-21
PED-000370,CLI-0013,VEN-006,2026-07-10,2026-07-28,2026-07-28,atendido,CMP-COM-2026-07-AX,2026-07-28
PED-000371,CLI-0075,VEN-005,2026-07-17,2026-08-04,2026-08-04,atendido,CMP-COM-2026-07-AX,2026-08-04
PED-000372,CLI-0041,VEN-027,2026-07-24,2026-08-11,2026-08-11,atendido,CMP-COM-2026-07-AX,2026-08-11
PED-000373,CLI-0004,VEN-004,2026-07-03,2026-07-21,2026-07-21,atendido,CMP-COM-2026-07-AX,2026-07-21
PED-000374,CLI-0066,VEN-027,2026-07-10,2026-07-28,2026-07-28,atendido,CMP-COM-2026-07-AX,2026-07-28
PED-000375,CLI-0070,VEN-027,2026-07-17,2026-08-04,2026-08-04,atendido,CMP-COM-2026-07-AX,2026-08-04
PED-000376,CLI-0026,VEN-027,2026-07-24,2026-08-11,2026-08-11,atendido,CMP-COM-2026-07-AX,2026-08-11
PED-000377,CLI-0057,VEN-004,2026-07-03,2026-07-21,2026-07-21,atendido,,2026-07-21
PED-000378,CLI-0017,VEN-010,2026-07-10,2026-07-28,2026-07-28,atendido,,2026-07-28
PED-000379,CLI-0054,VEN-011,2026-07-17,2026-08-04,2026-08-04,atendido,,2026-08-04
PED-000380,CLI-0002,VEN-001,2026-07-24,2026-08-11,2026-08-11,atendido,,2026-08-11
PED-000381,CLI-0044,VEN-005,2026-08-03,2026-08-21,2026-08-21,atrasado,CMP-COM-2026-07-AX,2026-08-25
PED-000382,CLI-0071,VEN-004,2026-08-10,2026-08-28,2026-08-28,atrasado,CMP-COM-2026-07-AX,2026-09-02
PED-000383,CLI-0064,VEN-012,2026-08-17,2026-09-04,2026-09-04,atrasado,CMP-COM-2026-07-AX,2026-09-08
PED-000384,CLI-0073,VEN-008,2026-08-24,2026-09-11,2026-09-11,atrasado,CMP-COM-2026-07-AX,2026-09-15
PED-000385,CLI-0076,VEN-002,2026-08-03,2026-08-21,2026-08-21,atrasado,CMP-COM-2026-07-AX,2026-08-25
PED-000386,CLI-0050,VEN-007,2026-08-10,2026-08-28,2026-08-28,atrasado,CMP-COM-2026-07-AX,2026-09-02
PED-000387,CLI-0058,VEN-008,2026-08-17,2026-09-04,2026-09-04,atrasado,CMP-COM-2026-07-AX,2026-09-09
PED-000388,CLI-0006,VEN-001,2026-08-24,2026-09-11,2026-09-11,atrasado,CMP-COM-2026-07-AX,2026-09-18
PED-000389,CLI-0063,VEN-027,2026-08-03,2026-08-21,2026-08-21,atrasado,CMP-COM-2026-07-AX,2026-08-28
PED-000390,CLI-0046,VEN-027,2026-08-10,2026-08-28,2026-08-28,atrasado,CMP-COM-2026-07-AX,2026-09-03
PED-000391,CLI-0016,VEN-027,2026-08-17,2026-09-04,2026-09-04,atrasado,CMP-COM-2026-07-AX,2026-09-11
PED-000392,CLI-0037,VEN-027,2026-08-24,2026-09-11,2026-09-11,atrasado,CMP-COM-2026-07-AX,2026-09-15
PED-000393,CLI-0057,VEN-027,2026-08-03,2026-08-21,2026-08-21,atrasado,CMP-COM-2026-07-AX,2026-08-25
PED-000394,CLI-0007,VEN-027,2026-08-10,2026-08-28,2026-08-28,atrasado,CMP-COM-2026-07-AX,2026-09-03
PED-000395,CLI-0076,VEN-027,2026-08-17,2026-09-04,2026-09-04,atrasado,CMP-COM-2026-07-AX,2026-09-11
PED-000396,CLI-0060,VEN-002,2026-08-24,2026-09-11,2026-09-11,atrasado,CMP-COM-2026-07-AX,2026-09-19
PED-000397,CLI-0025,VEN-005,2026-08-03,2026-08-21,2026-08-21,atendido,,2026-08-21
PED-000398,CLI-0020,VEN-002,2026-08-10,2026-08-28,2026-08-28,atendido,,2026-08-28
PED-000399,CLI-0010,VEN-008,2026-08-17,2026-09-04,2026-09-04,atendido,,2026-09-04
PED-000400,CLI-0038,VEN-010,2026-08-24,2026-09-11,2026-09-11,atendido,,2026-09-11
PED-000401,CLI-0066,VEN-012,2026-09-03,2026-09-21,2026-09-21,atrasado,CMP-COM-2026-07-AX,2026-09-26
PED-000402,CLI-0073,VEN-007,2026-09-10,2026-09-28,2026-09-28,atrasado,CMP-COM-2026-07-AX,2026-10-01
PED-000403,CLI-0025,VEN-008,2026-09-17,2026-10-05,2026-10-05,atrasado,CMP-COM-2026-07-AX,2026-10-08
PED-000404,CLI-0069,VEN-012,2026-09-24,2026-10-12,2026-10-12,atrasado,CMP-COM-2026-07-AX,2026-10-16
PED-000405,CLI-0006,VEN-002,2026-09-03,2026-09-21,2026-09-21,atrasado,CMP-COM-2026-07-AX,2026-09-25
PED-000406,CLI-0064,VEN-008,2026-09-10,2026-09-28,2026-09-28,atrasado,CMP-COM-2026-07-AX,2026-10-01
PED-000407,CLI-0029,VEN-004,2026-09-17,2026-10-05,2026-10-05,atrasado,CMP-COM-2026-07-AX,2026-10-08
PED-000408,CLI-0071,VEN-006,2026-09-24,2026-10-12,2026-10-12,atrasado,CMP-COM-2026-07-AX,2026-10-14
PED-000409,CLI-0013,VEN-027,2026-09-03,2026-09-21,2026-09-21,atrasado,CMP-COM-2026-07-AX,2026-09-28
PED-000410,CLI-0049,VEN-027,2026-09-10,2026-09-28,2026-09-28,atrasado,CMP-COM-2026-07-AX,2026-10-04
PED-000411,CLI-0068,VEN-027,2026-09-17,2026-10-05,2026-10-05,atrasado,CMP-COM-2026-07-AX,2026-10-12
PED-000412,CLI-0077,VEN-027,2026-09-24,2026-10-12,2026-10-12,atrasado,CMP-COM-2026-07-AX,2026-10-16
PED-000413,CLI-0070,VEN-027,2026-09-03,2026-09-21,2026-09-21,atrasado,CMP-COM-2026-07-AX,2026-09-27
PED-000414,CLI-0003,VEN-002,2026-09-10,2026-09-28,2026-09-28,atrasado,CMP-COM-2026-07-AX,2026-10-04
PED-000415,CLI-0029,VEN-027,2026-09-17,2026-10-05,2026-10-05,atrasado,CMP-COM-2026-07-AX,2026-10-09
PED-000416,CLI-0019,VEN-027,2026-09-24,2026-10-12,2026-10-12,atrasado,CMP-COM-2026-07-AX,2026-10-16
PED-000417,CLI-0005,VEN-007,2026-09-03,2026-09-21,2026-09-21,atendido,,2026-09-21
PED-000418,CLI-0065,VEN-006,2026-09-10,2026-09-28,2026-09-28,atendido,,2026-09-28
PED-000419,CLI-0041,VEN-009,2026-09-17,2026-10-05,2026-10-05,atendido,,2026-10-05
PED-000420,CLI-0069,VEN-010,2026-09-24,2026-10-12,2026-10-12,atendido,,2026-10-12
PED-000421,CLI-0065,VEN-001,2026-10-03,2026-10-21,2026-10-21,atrasado,,2026-10-25
PED-000422,CLI-0037,VEN-005,2026-10-10,2026-10-28,2026-10-28,atrasado,,2026-10-31
PED-000423,CLI-0002,VEN-002,2026-10-17,2026-11-04,2026-11-04,atrasado,,2026-11-10
PED-000424,CLI-0044,VEN-006,2026-10-24,2026-11-11,2026-11-11,atrasado,,2026-11-16
PED-000425,CLI-0075,VEN-011,2026-10-03,2026-10-21,2026-10-21,atrasado,,2026-10-26
PED-000426,CLI-0014,VEN-012,2026-10-10,2026-10-28,2026-10-28,atrasado,,2026-11-02
PED-000427,CLI-0039,VEN-008,2026-10-17,2026-11-04,2026-11-04,atrasado,,2026-11-08
PED-000428,CLI-0010,VEN-007,2026-10-24,2026-11-11,2026-11-11,atrasado,,2026-11-15
PED-000429,CLI-0008,VEN-027,2026-10-03,2026-10-21,2026-10-21,atrasado,,2026-10-26
PED-000430,CLI-0006,VEN-006,2026-10-10,2026-10-28,2026-10-28,atrasado,,2026-11-02
PED-000431,CLI-0009,VEN-001,2026-10-17,2026-11-04,2026-11-04,atrasado,,2026-11-13
PED-000432,CLI-0056,VEN-001,2026-10-24,2026-11-11,2026-11-11,atrasado,,2026-11-19
PED-000433,CLI-0077,VEN-003,2026-10-03,2026-10-21,2026-10-21,atrasado,,2026-10-28
PED-000434,CLI-0040,VEN-003,2026-10-10,2026-10-28,2026-10-28,atrasado,,2026-11-04
PED-000435,CLI-0010,VEN-005,2026-10-17,2026-11-04,2026-11-04,atrasado,,2026-11-10
PED-000436,CLI-0030,VEN-027,2026-10-24,2026-11-11,2026-11-11,atrasado,,2026-11-18
PED-000437,CLI-0048,VEN-010,2026-10-03,2026-10-21,2026-10-21,atendido,,2026-10-21
PED-000438,CLI-0012,VEN-012,2026-10-10,2026-10-28,2026-10-28,atendido,,2026-10-28
PED-000439,CLI-0068,VEN-003,2026-10-17,2026-11-04,2026-11-04,atendido,,2026-11-04
PED-000440,CLI-0024,VEN-004,2026-10-24,2026-11-11,2026-11-11,atendido,,2026-11-11
PED-000441,CLI-0035,VEN-007,2026-11-03,2026-11-21,2026-11-21,atrasado,,2026-11-26
PED-000442,CLI-0057,VEN-008,2026-11-10,2026-11-28,2026-11-28,atrasado,,2026-12-03
PED-000443,CLI-0039,VEN-008,2026-11-17,2026-12-05,2026-12-05,atrasado,,2026-12-09
PED-000444,CLI-0002,VEN-008,2026-11-24,2026-12-12,2026-12-12,atrasado,,2026-12-16
PED-000445,CLI-0001,VEN-008,2026-11-03,2026-11-21,2026-11-21,atrasado,,2026-11-27
PED-000446,CLI-0038,VEN-001,2026-11-10,2026-11-28,2026-11-28,atrasado,,2026-12-03
PED-000447,CLI-0006,VEN-003,2026-11-17,2026-12-05,2026-12-05,atrasado,,2026-12-10
PED-000448,CLI-0017,VEN-011,2026-11-24,2026-12-12,2026-12-12,atrasado,,2026-12-15
PED-000449,CLI-0042,VEN-012,2026-11-03,2026-11-21,2026-11-21,atrasado,,2026-11-28
PED-000450,CLI-0002,VEN-027,2026-11-10,2026-11-28,2026-11-28,atrasado,,2026-12-04
PED-000451,CLI-0046,VEN-027,2026-11-17,2026-12-05,2026-12-05,atrasado,,2026-12-11
PED-000452,CLI-0055,VEN-005,2026-11-24,2026-12-12,2026-12-12,atrasado,,2026-12-16
PED-000453,CLI-0071,VEN-027,2026-11-03,2026-11-21,2026-11-21,atrasado,,2026-11-30
PED-000454,CLI-0043,VEN-008,2026-11-10,2026-11-28,2026-11-28,atrasado,,2026-12-03
PED-000455,CLI-0031,VEN-011,2026-11-17,2026-12-05,2026-12-05,atrasado,,2026-12-10
PED-000456,CLI-0044,VEN-027,2026-11-24,2026-12-12,2026-12-12,atrasado,,2026-12-20
PED-000457,CLI-0006,VEN-010,2026-11-03,2026-11-21,2026-11-21,atendido,,2026-11-21
PED-000458,CLI-0057,VEN-003,2026-11-10,2026-11-28,2026-11-28,atendido,,2026-11-28
PED-000459,CLI-0046,VEN-010,2026-11-17,2026-12-05,2026-12-05,atendido,,2026-12-05
PED-000460,CLI-0040,VEN-001,2026-11-24,2026-12-12,2026-12-12,atendido,,2026-12-12
PED-000461,CLI-0012,VEN-005,2026-12-03,2026-12-21,2026-12-21,atrasado,,2026-12-26
PED-000462,CLI-0025,VEN-011,2026-12-10,2026-12-28,2026-12-28,atrasado,,2027-01-02
PED-000463,CLI-0062,VEN-010,2026-12-17,2027-01-04,2027-01-04,atrasado,,2027-01-10
PED-000464,CLI-0002,VEN-010,2026-12-24,2027-01-11,2027-01-11,atrasado,,2027-01-16
PED-000465,CLI-0076,VEN-006,2026-12-03,2026-12-21,2026-12-21,atrasado,,2026-12-24
PED-000466,CLI-0062,VEN-002,2026-12-10,2026-12-28,2026-12-28,atrasado,,2027-01-02
PED-000467,CLI-0014,VEN-002,2026-12-17,2027-01-04,2027-01-04,atrasado,,2027-01-10
PED-000468,CLI-0057,VEN-003,2026-12-24,2027-01-11,2027-01-11,atrasado,,2027-01-15
PED-000469,CLI-0055,VEN-027,2026-12-03,2026-12-21,2026-12-21,atrasado,,2026-12-27
PED-000470,CLI-0034,VEN-027,2026-12-10,2026-12-28,2026-12-28,atrasado,,2027-01-02
PED-000471,CLI-0037,VEN-027,2026-12-17,2027-01-04,2027-01-04,atrasado,,2027-01-09
PED-000472,CLI-0080,VEN-012,2026-12-24,2027-01-11,2027-01-11,atrasado,,2027-01-16
PED-000473,CLI-0020,VEN-027,2026-12-03,2026-12-21,2026-12-21,atrasado,,2026-12-25
PED-000474,CLI-0069,VEN-027,2026-12-10,2026-12-28,2026-12-28,atrasado,,2027-01-03
PED-000475,CLI-0077,VEN-009,2026-12-17,2027-01-04,2027-01-04,atrasado,,2027-01-09
PED-000476,CLI-0008,VEN-027,2026-12-24,2027-01-11,2027-01-11,atrasado,,2027-01-14
PED-000477,CLI-0028,VEN-003,2026-12-03,2026-12-21,2026-12-21,atendido,,2026-12-21
PED-000478,CLI-0074,VEN-001,2026-12-10,2026-12-28,2026-12-28,atendido,,2026-12-28
PED-000479,CLI-0047,VEN-001,2026-12-17,2027-01-04,2027-01-04,atendido,,2027-01-04
PED-000480,CLI-0012,VEN-012,2026-12-24,2027-01-11,2027-01-11,atendido,,2027-01-11
